scenario,scenario_id,agents,goals,alg,seed,distance,makespan,cost,external_runtime,conflicts,success,time_to_feasible,time_to_best_feasible,best_time_history
warehouse_agents10_targets12_v1.yaml,warehouse_agents10_targets12_v1,10,12.0,Base,0,1877,360,19074.0,10.01112055098929,5,0,-1.0,-1.0,"[(0.0, 95656.8), (1.9403921740013175, 74940.40000000001), (5.51526672700129, 19074.0)]"
warehouse_agents10_targets12_v2.yaml,warehouse_agents10_targets12_v2,10,12.0,CHHM,0,1780,227,5422.4,10.002954930998385,1,0,-1.0,-1.0,"[(0.0, 54103.6), (4.927654989995062, 5422.4)]"
warehouse_agents10_targets12_v3.yaml,warehouse_agents10_targets12_v3,10,12.0,Base,0,2018,421,12423.2,10.007041286007734,3,0,-1.0,-1.0,"[(0.0, 72210.0), (0.9883674739976414, 68743.6), (2.1592083900031867, 43783.8), (5.854919466000865, 12423.2)]"
warehouse_agents10_targets12_v2.yaml,warehouse_agents10_targets12_v2,10,12.0,RGCM,0,1780,227,5422.4,10.006902598004672,1,0,-1.0,-1.0,"[(0.0, 54103.6), (6.897901461998117, 5422.4)]"
warehouse_agents10_targets12_v1.yaml,warehouse_agents10_targets12_v1,10,12.0,CHHM,0,1596,247,1596.0,10.009996644002968,0,1,9.665789863996906,9.665789863996906,"[(0.0, 95656.8), (1.7506235759938136, 74940.40000000001), (4.262045663999743, 19074.0), (5.851621356996475, 5108.4), (9.665789863996906, 1596)]"
warehouse_agents10_targets12_v2.yaml,warehouse_agents10_targets12_v2,10,12.0,Base,0,1780,227,5422.4,10.003648063997389,1,0,-1.0,-1.0,"[(0.0, 54103.6), (6.862771860003704, 5422.4)]"
warehouse_agents10_targets12_v3.yaml,warehouse_agents10_targets12_v3,10,12.0,RGCM,0,1985,421,12390.2,10.005104851996293,3,0,-1.0,-1.0,"[(0.0, 72210.0), (0.9714478100067936, 68743.6), (2.186117910008761, 43783.8), (5.766302768010064, 12390.2)]"
warehouse_agents10_targets12_v1.yaml,warehouse_agents10_targets12_v1,10,12.0,RGCM,0,1669,340,5108.4,10.395141337998211,1,0,-1.0,-1.0,"[(0.0, 95656.8), (2.205386945992359, 74940.40000000001), (5.770028615996125, 19074.0), (8.173794464993989, 5108.4)]"
warehouse_agents10_targets12_v3.yaml,warehouse_agents10_targets12_v3,10,12.0,CHHM,0,1985,421,12390.2,10.008475544993416,3,0,-1.0,-1.0,"[(0.0, 72210.0), (1.4546607429947471, 68743.6), (3.119275042990921, 43783.8), (8.526680315990234, 12390.2)]"
warehouse_agents10_targets12_v4.yaml,warehouse_agents10_targets12_v4,10,12.0,RGCM,0,1922,363,15610.0,10.009311058995081,4,0,-1.0,-1.0,"[(0.0, 61252.0), (1.3782610069902148, 50873.0), (3.7051681360026123, 46796.0), (5.6327098259935156, 36821.0), (8.018309312989004, 15610.0)]"
warehouse_agents10_targets3_v1.yaml,warehouse_agents10_targets3_v1,10,3.0,Base,0,549,86,549.0,10.002280974003952,0,1,0.0,5.623457583002164,"[(0.0, 6839.8), (1.059605657006614, 577), (5.623457583002164, 549)]"
warehouse_agents10_targets12_v4.yaml,warehouse_agents10_targets12_v4,10,12.0,Base,0,2883,573,40525.0,10.01016516200616,11,0,-1.0,-1.0,"[(0.0, 61252.0), (2.05212006700458, 50873.0), (5.5520451969932765, 40525.0)]"
warehouse_agents10_targets12_v5.yaml,warehouse_agents10_targets12_v5,10,12.0,RGCM,0,2241,380,16137.8,10.003917894995539,4,0,-1.0,-1.0,"[(0.0, 55229.0), (2.060946611003601, 41011.2), (4.412093925013323, 40978.2), (7.188043186004506, 16137.8)]"
warehouse_agents10_targets12_v5.yaml,warehouse_agents10_targets12_v5,10,12.0,CHHM,0,1931,369,1931.0,10.057498365000356,0,1,9.681481986001018,9.681481986001018,"[(0.0, 55229.0), (2.06584964900685, 41011.2), (4.314255457997206, 40978.2), (6.968599173007533, 9153.4), (9.681481986001018, 1931)]"
warehouse_agents10_targets12_v5.yaml,warehouse_agents10_targets12_v5,10,12.0,Base,0,2762,547,40978.2,10.008478083007503,11,0,-1.0,-1.0,"[(0.0, 55229.0), (3.233616921992507, 41011.2), (6.854088474996388, 40978.2)]"
warehouse_agents10_targets12_v4.yaml,warehouse_agents10_targets12_v4,10,12.0,CHHM,0,2211,627,12477.0,10.005050243998994,3,0,-1.0,-1.0,"[(0.0, 61252.0), (2.071631979997619, 50873.0), (6.150946021996788, 30123.0), (9.434810413993546, 12477.0)]"
warehouse_agents10_targets3_v1.yaml,warehouse_agents10_targets3_v1,10,3.0,RGCM,0,507,78,507.0,10.001267209008802,0,1,0.0,7.812698071007617,"[(0.0, 6839.8), (1.5323697990097571, 577), (4.622299433001899, 556), (5.97698302900244, 538), (7.812698071007617, 507)]"
warehouse_agents10_targets3_v2.yaml,warehouse_agents10_targets3_v2,10,3.0,Base,0,512,74,512.0,10.011301992009976,0,1,2.109068259000196,7.570048723006039,"[(0.0, 6419.599999999999), (0.9553324310109019, 4982.2), (2.109068259000196, 602), (3.2613924280012725, 576), (5.502189907012507, 572), (7.570048723006039, 512)]"
warehouse_agents10_targets3_v3.yaml,warehouse_agents10_targets3_v3,10,3.0,Base,0,542,64,542.0,10.002866377006285,0,1,0.0,3.2978483779879753,"[(0.0, 11061.699999999999), (1.041263014994911, 610), (3.2978483779879753, 542)]"
warehouse_agents10_targets3_v2.yaml,warehouse_agents10_targets3_v2,10,3.0,CHHM,0,484,74,484.0,10.00122627800738,0,1,1.4458807990013156,4.228949285010458,"[(0.0, 6419.599999999999), (0.6357959750021109, 4982.2), (1.4458807990013156, 602), (2.222917052000412, 531), (3.475385157013079, 497), (4.228949285010458, 484)]"
warehouse_agents10_targets3_v1.yaml,warehouse_agents10_targets3_v1,10,3.0,CHHM,0,505,75,505.0,10.242161080008373,0,1,0.0,9.932402598002227,"[(0.0, 6839.8), (1.03362539500813, 577), (3.011632676003501, 556), (3.8413822290021926, 538), (5.028870064998046, 516), (8.774724057002459, 512), (9.932402598002227, 505)]"
warehouse_agents10_targets3_v3.yaml,warehouse_agents10_targets3_v3,10,3.0,RGCM,0,511,64,511.0,10.00422010300099,0,1,0.0,5.560004034006852,"[(0.0, 11061.699999999999), (0.6993762670026626, 610), (2.2137978310056496, 542), (5.560004034006852, 511)]"
warehouse_agents10_targets3_v2.yaml,warehouse_agents10_targets3_v2,10,3.0,RGCM,0,484,74,484.0,10.168296335992636,0,1,2.120798977004597,6.3762861950090155,"[(0.0, 6419.599999999999), (0.9665309470001375, 4982.2), (2.120798977004597, 602), (3.307661689002998, 531), (5.276019755008747, 497), (6.3762861950090155, 484)]"
warehouse_agents10_targets3_v3.yaml,warehouse_agents10_targets3_v3,10,3.0,CHHM,0,502,58,502.0,10.001006783990306,0,1,0.0,5.610288502997719,"[(0.0, 11061.699999999999), (0.6874204479972832, 610), (2.200998497006367, 542), (4.240222221007571, 526), (5.610288502997719, 502)]"
warehouse_agents10_targets3_v4.yaml,warehouse_agents10_targets3_v4,10,3.0,Base,0,553,83,2011.7,10.001584419995197,1,0,-1.0,-1.0,"[(0.0, 9532.2), (0.5081432389997644, 9495.2), (1.6670399459981127, 3538.4), (4.021881786000449, 3515.4), (6.029403039006866, 2011.7)]"
warehouse_agents10_targets3_v4.yaml,warehouse_agents10_targets3_v4,10,3.0,CHHM,0,560,82,560.0,10.011495232000016,0,1,3.729847045004135,6.5774889230087865,"[(0.0, 9532.2), (0.4577219360071467, 9495.2), (1.8880923590040766, 3538.4), (3.729847045004135, 575), (6.5774889230087865, 560)]"
warehouse_agents10_targets3_v4.yaml,warehouse_agents10_targets3_v4,10,3.0,RGCM,0,537,81,537.0,10.002415294002276,0,1,3.3889672170043923,7.7642783140036045,"[(0.0, 9532.2), (0.6758670919953147, 9495.2), (2.188472844005446, 3538.4), (3.3889672170043923, 575), (7.233547662006458, 566), (7.7642783140036045, 537)]"
warehouse_agents10_targets3_v5.yaml,warehouse_agents10_targets3_v5,10,3.0,Base,0,554,78,554.0,10.001042219999363,0,1,0.0,0.0,"[(0.0, 3644.7999999999997), (1.3280746259988518, 554)]"
warehouse_agents10_targets3_v5.yaml,warehouse_agents10_targets3_v5,10,3.0,RGCM,0,506,67,506.0,10.00204914699134,0,1,0.0,6.80526313300652,"[(0.0, 3644.7999999999997), (1.529864602998714, 554), (5.8471807339956285, 522), (6.80526313300652, 506)]"
warehouse_agents10_targets3_v5.yaml,warehouse_agents10_targets3_v5,10,3.0,CHHM,0,506,67,506.0,10.082819065006333,0,1,0.0,7.2904834049986675,"[(0.0, 3644.7999999999997), (1.8383866479998687, 554), (6.326180332995136, 522), (7.2904834049986675, 506)]"
warehouse_agents10_targets6_v1.yaml,warehouse_agents10_targets6_v1,10,6.0,RGCM,0,850,105,850.0,10.002018382001552,0,1,6.861118157990859,8.34105173900025,"[(0.0, 19300.399999999998), (2.348715160987922, 3156.7999999999997), (6.861118157990859, 928), (8.34105173900025, 850)]"
warehouse_agents10_targets6_v1.yaml,warehouse_agents10_targets6_v1,10,6.0,Base,0,964,141,964.0,10.006406741013052,0,1,9.396860612003366,9.396860612003366,"[(0.0, 19300.399999999998), (1.795198587991763, 3156.7999999999997), (9.396860612003366, 964)]"
warehouse_agents10_targets6_v1.yaml,warehouse_agents10_targets6_v1,10,6.0,CHHM,0,850,105,850.0,10.004021480999654,0,1,7.086425842004246,9.491850363003323,"[(0.0, 19300.399999999998), (1.8887605740019353, 3156.7999999999997), (7.086425842004246, 928), (9.491850363003323, 850)]"
warehouse_agents10_targets6_v3.yaml,warehouse_agents10_targets6_v3,10,6.0,Base,0,932,179,932.0,10.002563148998888,0,1,7.042570242003421,7.042570242003421,"[(0.0, 18658.8), (2.220306688992423, 3065.6), (5.177338957000757, 3022.6), (7.042570242003421, 932)]"
warehouse_agents10_targets6_v2.yaml,warehouse_agents10_targets6_v2,10,6.0,Base,0,992,155,992.0,10.002319744002307,0,1,4.218051887000911,4.218051887000911,"[(0.0, 36664.0), (1.674947996987612, 29467.800000000003), (4.218051887000911, 992)]"
warehouse_agents10_targets6_v3.yaml,warehouse_agents10_targets6_v3,10,6.0,RGCM,0,755,98,2912.6,10.002373035007622,1,0,-1.0,-1.0,"[(0.0, 18658.8), (2.244441317001474, 3065.6), (5.108823180999025, 2912.6)]"
warehouse_agents10_targets6_v4.yaml,warehouse_agents10_targets6_v4,10,6.0,Base,0,1021,127,1021.0,10.002494763000868,0,1,4.616832678002538,4.616832678002538,"[(0.0, 13001.5), (1.30515047100198, 3415.1), (4.616832678002538, 1021)]"
warehouse_agents10_targets6_v2.yaml,warehouse_agents10_targets6_v2,10,6.0,CHHM,0,889,127,889.0,10.002991136992932,0,1,4.2008024959941395,7.039349458995275,"[(0.0, 36664.0), (1.6646240039990516, 29467.800000000003), (4.2008024959941395, 992), (7.039349458995275, 889)]"
warehouse_agents10_targets6_v2.yaml,warehouse_agents10_targets6_v2,10,6.0,RGCM,0,889,127,889.0,10.005765332010924,0,1,4.272193900993443,7.16778052499285,"[(0.0, 36664.0), (1.6831281299964758, 29467.800000000003), (4.272193900993443, 992), (7.16778052499285, 889)]"
warehouse_agents10_targets6_v3.yaml,warehouse_agents10_targets6_v3,10,6.0,CHHM,0,797,140,797.0,10.010479896998731,0,1,7.971772125005373,7.971772125005373,"[(0.0, 18658.8), (3.3304886880068807, 3065.6), (6.3825138510001125, 2912.6), (7.971772125005373, 797)]"
warehouse_agents10_targets6_v4.yaml,warehouse_agents10_targets6_v4,10,6.0,RGCM,0,967,177,967.0,10.00757807699847,0,1,6.988966988996253,9.108232812999631,"[(0.0, 13001.5), (2.0341164199926425, 3415.1), (6.988966988996253, 1021), (9.108232812999631, 967)]"
warehouse_agents10_targets6_v5.yaml,warehouse_agents10_targets6_v5,10,6.0,Base,0,992,204,3349.7,10.009888828004478,1,0,-1.0,-1.0,"[(0.0, 22717.3), (2.1532152770087123, 10279.8), (3.2595774729998084, 3349.7)]"
warehouse_agents10_targets6_v4.yaml,warehouse_agents10_targets6_v4,10,6.0,CHHM,0,967,177,967.0,10.002297941988218,0,1,6.899821504004649,9.016145909001352,"[(0.0, 13001.5), (1.9948889940133085, 3415.1), (6.899821504004649, 1021), (9.016145909001352, 967)]"
warehouse_agents10_targets6_v5.yaml,warehouse_agents10_targets6_v5,10,6.0,CHHM,0,844,111,844.0,10.00425728999835,0,1,6.499737046993687,9.047392024993314,"[(0.0, 22717.3), (2.2756140419951407, 10279.8), (4.012457755001378, 3349.7), (6.499737046993687, 947), (9.047392024993314, 844)]"
warehouse_agents10_targets6_v5.yaml,warehouse_agents10_targets6_v5,10,6.0,RGCM,0,844,111,844.0,10.003722440000274,0,1,4.680929187001311,6.605343593997532,"[(0.0, 22717.3), (1.7926284470013343, 10279.8), (2.980675150989555, 3349.7), (4.680929187001311, 947), (6.605343593997532, 844)]"
warehouse_agents10_targets9_v1.yaml,warehouse_agents10_targets9_v1,10,9.0,Base,0,1276,224,6762.8,10.002009880001424,2,0,-1.0,-1.0,"[(0.0, 45989.4), (3.3933742009976413, 6762.8)]"
warehouse_agents10_targets9_v1.yaml,warehouse_agents10_targets9_v1,10,9.0,RGCM,0,1534,402,4277.4,10.004075111006387,1,0,-1.0,-1.0,"[(0.0, 45989.4), (3.3615068299986888, 6762.8), (5.496674303998589, 4277.4)]"
warehouse_agents10_targets9_v1.yaml,warehouse_agents10_targets9_v1,10,9.0,CHHM,0,1579,402,1579.0,10.021889389012358,0,1,8.437514172997908,8.437514172997908,"[(0.0, 45989.4), (5.17887041400536, 6762.8), (8.437514172997908, 1579)]"
warehouse_agents10_targets9_v2.yaml,warehouse_agents10_targets9_v2,10,9.0,Base,0,1372,197,7050.2,10.26719908999803,2,0,-1.0,-1.0,"[(0.0, 44690.5), (0.9253148829884594, 36122.2), (2.5263258639897685, 18604.6), (6.974023533999571, 7050.2)]"
warehouse_agents10_targets9_v3.yaml,warehouse_agents10_targets9_v3,10,9.0,CHHM,0,1185,176,1185.0,10.080257898996933,0,1,6.3567666900053155,6.3567666900053155,"[(0.0, 25316.2), (3.013351273009903, 10301.7), (6.3567666900053155, 1185)]"
warehouse_agents10_targets9_v2.yaml,warehouse_agents10_targets9_v2,10,9.0,RGCM,0,1276,186,4115.1,10.005456376005895,1,0,-1.0,-1.0,"[(0.0, 44690.5), (1.3747449919901555, 36122.2), (3.6727453129860805, 18604.6), (9.438819595990935, 4115.1)]"
warehouse_agents10_targets9_v2.yaml,warehouse_agents10_targets9_v2,10,9.0,CHHM,0,1570,389,18604.6,10.004919895000057,6,0,-1.0,-1.0,"[(0.0, 44690.5), (1.3197629880014574, 36122.2), (3.616642758002854, 18604.6)]"
warehouse_agents10_targets9_v3.yaml,warehouse_agents10_targets9_v3,10,9.0,Base,0,1171,176,6976.8,10.00417293299688,2,0,-1.0,-1.0,"[(0.0, 25316.2), (3.3782856750040082, 10301.7), (6.874053494000691, 6976.8)]"
warehouse_agents10_targets9_v3.yaml,warehouse_agents10_targets9_v3,10,9.0,RGCM,0,1119,148,1119.0,10.283551497996086,0,1,7.8693658500124,9.990147816002718,"[(0.0, 25316.2), (3.038539473011042, 10301.7), (6.459509817010257, 6976.8), (7.8693658500124, 1219), (9.990147816002718, 1119)]"
warehouse_agents10_targets9_v4.yaml,warehouse_agents10_targets9_v4,10,9.0,RGCM,0,1476,199,7682.0,10.002440088996082,2,0,-1.0,-1.0,"[(0.0, 42658.0), (7.893717928993283, 7682.0)]"
warehouse_agents10_targets9_v4.yaml,warehouse_agents10_targets9_v4,10,9.0,Base,0,1476,199,7682.0,10.012633422011277,2,0,-1.0,-1.0,"[(0.0, 42658.0), (8.581604681006866, 7682.0)]"
warehouse_agents10_targets9_v4.yaml,warehouse_agents10_targets9_v4,10,9.0,CHHM,0,1476,199,7682.0,10.00228641400463,2,0,-1.0,-1.0,"[(0.0, 42658.0), (5.835646250998252, 7682.0)]"
warehouse_agents10_targets9_v5.yaml,warehouse_agents10_targets9_v5,10,9.0,Base,0,1252,180,7040.4,10.004425915001775,2,0,-1.0,-1.0,"[(0.0, 31263.0), (4.850497147010174, 16318.0), (8.885778045005281, 7040.4)]"
warehouse_agents10_targets9_v5.yaml,warehouse_agents10_targets9_v5,10,9.0,CHHM,0,1252,180,7040.4,10.002646427004947,2,0,-1.0,-1.0,"[(0.0, 31263.0), (4.875998089002678, 16318.0), (8.929190501992707, 7040.4)]"
warehouse_agents10_targets9_v5.yaml,warehouse_agents10_targets9_v5,10,9.0,RGCM,0,1252,180,7040.4,10.006069048002246,2,0,-1.0,-1.0,"[(0.0, 31263.0), (4.817777497009956, 16318.0), (8.827556328003993, 7040.4)]"
warehouse_agents25_targets12_v1.yaml,warehouse_agents25_targets12_v1,25,12.0,Base,0,7226,547,1578026.0000000002,10.014485917999991,120,0,-1.0,-1.0,"[(0.0, 1774496.0000000002), (7.085365062011988, 1578026.0000000002)]"
warehouse_agents25_targets12_v1.yaml,warehouse_agents25_targets12_v1,25,12.0,RGCM,0,7226,547,1578026.0000000002,10.028612599999178,120,0,-1.0,-1.0,"[(0.0, 1774496.0000000002), (7.018795905998559, 1578026.0000000002)]"
warehouse_agents25_targets12_v2.yaml,warehouse_agents25_targets12_v2,25,12.0,Base,0,7504,596,1851060.0000000002,10.030704901000718,143,0,-1.0,-1.0,"[(0.0, 1980051.0000000002), (5.814146539007197, 1851060.0000000002)]"
warehouse_agents25_targets12_v1.yaml,warehouse_agents25_targets12_v1,25,12.0,CHHM,0,7226,547,1578026.0000000002,10.07401157899585,120,0,-1.0,-1.0,"[(0.0, 1774496.0000000002), (10.049470691999886, 1578026.0000000002)]"
warehouse_agents25_targets12_v2.yaml,warehouse_agents25_targets12_v2,25,12.0,RGCM,0,7504,596,1851060.0000000002,10.019735494992347,143,0,-1.0,-1.0,"[(0.0, 1980051.0000000002), (8.698010457999771, 1851060.0000000002)]"
warehouse_agents25_targets12_v2.yaml,warehouse_agents25_targets12_v2,25,12.0,CHHM,0,7504,596,1851060.0000000002,10.025871877995087,143,0,-1.0,-1.0,"[(0.0, 1980051.0000000002), (8.180085282991058, 1851060.0000000002)]"
warehouse_agents25_targets12_v3.yaml,warehouse_agents25_targets12_v3,25,12.0,RGCM,0,7157,552,1882877.0000000002,10.022195127996383,140,0,-1.0,-1.0,"[(0.0, 1882877.0000000002)]"
warehouse_agents25_targets12_v3.yaml,warehouse_agents25_targets12_v3,25,12.0,Base,0,7157,552,1882877.0000000002,10.04093384501175,140,0,-1.0,-1.0,"[(0.0, 1882877.0000000002)]"
warehouse_agents25_targets12_v4.yaml,warehouse_agents25_targets12_v4,25,12.0,RGCM,0,7549,615,1527559.8,10.035203534993343,119,0,-1.0,-1.0,"[(0.0, 1540304.0), (8.393754828008241, 1527559.8)]"
warehouse_agents25_targets12_v4.yaml,warehouse_agents25_targets12_v4,25,12.0,Base,0,7549,615,1527559.8,10.053665314990212,119,0,-1.0,-1.0,"[(0.0, 1540304.0), (8.305058914003894, 1527559.8)]"
warehouse_agents25_targets12_v4.yaml,warehouse_agents25_targets12_v4,25,12.0,CHHM,0,7549,615,1527559.8,10.013902670994867,119,0,-1.0,-1.0,"[(0.0, 1540304.0), (8.933357061003335, 1527559.8)]"
warehouse_agents25_targets12_v3.yaml,warehouse_agents25_targets12_v3,25,12.0,CHHM,0,7157,552,1882877.0000000002,10.679201780993026,140,0,-1.0,-1.0,"[(0.0, 1882877.0000000002)]"
warehouse_agents25_targets3_v1.yaml,warehouse_agents25_targets3_v1,25,3.0,Base,0,1505,135,106489.00000000001,10.004245691001415,20,0,-1.0,-1.0,"[(0.0, 190703.2), (6.587319368001772, 106489.00000000001)]"
warehouse_agents25_targets12_v5.yaml,warehouse_agents25_targets12_v5,25,12.0,RGCM,0,7328,608,1658714.0000000002,10.025831979000941,131,0,-1.0,-1.0,"[(0.0, 1746925.0000000002), (8.604437560003134, 1658714.0000000002)]"
warehouse_agents25_targets12_v5.yaml,warehouse_agents25_targets12_v5,25,12.0,Base,0,7328,608,1658714.0000000002,10.018237309006508,131,0,-1.0,-1.0,"[(0.0, 1746925.0000000002), (7.111324967991095, 1658714.0000000002)]"
warehouse_agents25_targets12_v5.yaml,warehouse_agents25_targets12_v5,25,12.0,CHHM,0,7328,608,1658714.0000000002,10.02650038099091,131,0,-1.0,-1.0,"[(0.0, 1746925.0000000002), (8.245804056001361, 1658714.0000000002)]"
warehouse_agents25_targets3_v1.yaml,warehouse_agents25_targets3_v1,25,3.0,RGCM,0,1505,135,106489.00000000001,10.003432022000197,20,0,-1.0,-1.0,"[(0.0, 190703.2), (6.777777006995166, 106489.00000000001)]"
warehouse_agents25_targets3_v1.yaml,warehouse_agents25_targets3_v1,25,3.0,CHHM,0,1505,135,106489.00000000001,10.003635770000983,20,0,-1.0,-1.0,"[(0.0, 190703.2), (7.154241946991533, 106489.00000000001)]"
warehouse_agents25_targets3_v2.yaml,warehouse_agents25_targets3_v2,25,3.0,RGCM,0,1730,158,143410.00000000003,10.006398916011676,25,0,-1.0,-1.0,"[(0.0, 188853.60000000003), (2.5704802539985394, 160393.60000000003), (6.413609469003859, 143410.00000000003)]"
warehouse_agents25_targets3_v2.yaml,warehouse_agents25_targets3_v2,25,3.0,Base,0,1730,158,143410.00000000003,10.004639396996936,25,0,-1.0,-1.0,"[(0.0, 188853.60000000003), (2.758863991999533, 160393.60000000003), (7.246824804999051, 143410.00000000003)]"
warehouse_agents25_targets3_v2.yaml,warehouse_agents25_targets3_v2,25,3.0,CHHM,0,1730,158,143410.00000000003,10.004448396008229,25,0,-1.0,-1.0,"[(0.0, 188853.60000000003), (2.8851937699946575, 160393.60000000003), (6.783497905998956, 143410.00000000003)]"
warehouse_agents25_targets3_v3.yaml,warehouse_agents25_targets3_v3,25,3.0,Base,0,1387,142,70625.40000000001,10.005592519999482,14,0,-1.0,-1.0,"[(0.0, 145064.40000000002), (8.29990500099666, 70625.40000000001)]"
warehouse_agents25_targets3_v3.yaml,warehouse_agents25_targets3_v3,25,3.0,RGCM,0,1387,142,70625.40000000001,10.20791841999744,14,0,-1.0,-1.0,"[(0.0, 145064.40000000002), (9.335882232000586, 70625.40000000001)]"
warehouse_agents25_targets3_v3.yaml,warehouse_agents25_targets3_v3,25,3.0,CHHM,0,1387,142,70625.40000000001,10.006418803008273,14,0,-1.0,-1.0,"[(0.0, 145064.40000000002), (8.655186340998625, 70625.40000000001)]"
warehouse_agents25_targets3_v4.yaml,warehouse_agents25_targets3_v4,25,3.0,Base,0,1792,173,153592.00000000003,10.007558073004475,25,0,-1.0,-1.0,"[(0.0, 232750.00000000003), (8.03401279100217, 153592.00000000003)]"
warehouse_agents25_targets3_v4.yaml,warehouse_agents25_targets3_v4,25,3.0,RGCM,0,1792,173,153592.00000000003,10.006328771996778,25,0,-1.0,-1.0,"[(0.0, 232750.00000000003), (6.88415677199373, 153592.00000000003)]"
warehouse_agents25_targets3_v4.yaml,warehouse_agents25_targets3_v4,25,3.0,CHHM,0,1792,173,153592.00000000003,10.010334671009332,25,0,-1.0,-1.0,"[(0.0, 232750.00000000003), (8.276753035999718, 153592.00000000003)]"
warehouse_agents25_targets3_v5.yaml,warehouse_agents25_targets3_v5,25,3.0,Base,0,1603,178,126739.0,10.015064519000589,24,0,-1.0,-1.0,"[(0.0, 231241.0), (10.009718087996589, 126739.0)]"
warehouse_agents25_targets3_v5.yaml,warehouse_agents25_targets3_v5,25,3.0,RGCM,0,1594,178,69376.0,10.0160491860006,13,0,-1.0,-1.0,"[(0.0, 231241.0), (10.010115297001903, 69376.0)]"
warehouse_agents25_targets3_v5.yaml,warehouse_agents25_targets3_v5,25,3.0,CHHM,0,1624,178,142402.0,10.016872765001608,27,0,-1.0,-1.0,"[(0.0, 231241.0), (10.010428637004225, 142402.0)]"
warehouse_agents25_targets6_v1.yaml,warehouse_agents25_targets6_v1,25,6.0,Base,0,3313,238,346073.0,10.030919410011848,41,0,-1.0,-1.0,"[(0.0, 521898.0), (10.02075773999968, 346073.0)]"
warehouse_agents25_targets6_v1.yaml,warehouse_agents25_targets6_v1,25,6.0,CHHM,0,3313,238,346073.0,10.007104357006028,41,0,-1.0,-1.0,"[(0.0, 521898.0), (8.401081248011906, 346073.0)]"
warehouse_agents25_targets6_v1.yaml,warehouse_agents25_targets6_v1,25,6.0,RGCM,0,3313,238,346073.0,10.490710922997096,41,0,-1.0,-1.0,"[(0.0, 521898.0), (9.632481377993827, 346073.0)]"
warehouse_agents25_targets6_v2.yaml,warehouse_agents25_targets6_v2,25,6.0,Base,0,3331,288,412003.0,10.038471881998703,45,0,-1.0,-1.0,"[(0.0, 575593.8), (10.026578166987747, 412003.0)]"
warehouse_agents25_targets6_v2.yaml,warehouse_agents25_targets6_v2,25,6.0,RGCM,0,3220,254,339239.2,10.021477517992025,37,0,-1.0,-1.0,"[(0.0, 575593.8), (10.01283624098869, 339239.2)]"
warehouse_agents25_targets6_v2.yaml,warehouse_agents25_targets6_v2,25,6.0,CHHM,0,3251,254,348351.8,10.01923642300244,38,0,-1.0,-1.0,"[(0.0, 575593.8), (10.01288044199464, 348351.8)]"
warehouse_agents25_targets6_v3.yaml,warehouse_agents25_targets6_v3,25,6.0,Base,0,3861,331,570761.4,10.018385899995337,67,0,-1.0,-1.0,"[(0.0, 782309.4), (4.76581672001339, 570761.4)]"
warehouse_agents25_targets6_v3.yaml,warehouse_agents25_targets6_v3,25,6.0,RGCM,0,3861,331,570761.4,10.009230397001375,67,0,-1.0,-1.0,"[(0.0, 782309.4), (4.187832947995048, 570761.4)]"
warehouse_agents25_targets6_v3.yaml,warehouse_agents25_targets6_v3,25,6.0,CHHM,0,3861,331,570761.4,10.009781572996872,67,0,-1.0,-1.0,"[(0.0, 782309.4), (4.072378048993414, 570761.4)]"
warehouse_agents25_targets6_v4.yaml,warehouse_agents25_targets6_v4,25,6.0,Base,0,3734,268,333452.4,10.024226698005805,38,0,-1.0,-1.0,"[(0.0, 429022.20000000007), (10.015665751998313, 333452.4)]"
warehouse_agents25_targets6_v4.yaml,warehouse_agents25_targets6_v4,25,6.0,RGCM,0,3746,268,333464.4,10.025810838997131,38,0,-1.0,-1.0,"[(0.0, 429022.20000000007), (10.016536856986932, 333464.4)]"
warehouse_agents25_targets6_v4.yaml,warehouse_agents25_targets6_v4,25,6.0,CHHM,0,3734,268,333452.4,10.03819619299611,38,0,-1.0,-1.0,"[(0.0, 429022.20000000007), (10.026075456000399, 333452.4)]"
warehouse_agents25_targets6_v5.yaml,warehouse_agents25_targets6_v5,25,6.0,RGCM,0,3811,267,665483.0,10.032005519999075,73,0,-1.0,-1.0,"[(0.0, 728977.0), (10.02193298000202, 665483.0)]"
warehouse_agents25_targets6_v5.yaml,warehouse_agents25_targets6_v5,25,6.0,Base,0,3811,267,665483.0,10.029447458990035,73,0,-1.0,-1.0,"[(0.0, 728977.0), (10.01801068300847, 665483.0)]"
warehouse_agents25_targets6_v5.yaml,warehouse_agents25_targets6_v5,25,6.0,CHHM,0,3811,267,665483.0,10.022810551992734,73,0,-1.0,-1.0,"[(0.0, 728977.0), (10.014438687008806, 665483.0)]"
warehouse_agents25_targets9_v1.yaml,warehouse_agents25_targets9_v1,25,9.0,RGCM,0,4956,398,949064.0,10.050372926009004,86,0,-1.0,-1.0,"[(0.0, 1102974.0), (10.032227137999143, 949064.0)]"
warehouse_agents25_targets9_v1.yaml,warehouse_agents25_targets9_v1,25,9.0,Base,0,4956,398,949064.0,10.047822159001953,86,0,-1.0,-1.0,"[(0.0, 1102974.0), (10.028555830009282, 949064.0)]"
warehouse_agents25_targets9_v1.yaml,warehouse_agents25_targets9_v1,25,9.0,CHHM,0,4956,398,949064.0,10.041879954005708,86,0,-1.0,-1.0,"[(0.0, 1102974.0), (10.026771844000905, 949064.0)]"
warehouse_agents25_targets9_v2.yaml,warehouse_agents25_targets9_v2,25,9.0,Base,0,5333,398,1056977.0000000002,10.035605804994702,93,0,-1.0,-1.0,"[(0.0, 1068235.0000000002), (10.023577544008731, 1056977.0000000002)]"
warehouse_agents25_targets9_v2.yaml,warehouse_agents25_targets9_v2,25,9.0,CHHM,0,5333,398,1056977.0000000002,10.064961045995005,93,0,-1.0,-1.0,"[(0.0, 1068235.0000000002), (10.046906242001569, 1056977.0000000002)]"
warehouse_agents25_targets9_v3.yaml,warehouse_agents25_targets9_v3,25,9.0,Base,0,5020,394,932856.8,10.07617360400036,86,0,-1.0,-1.0,"[(0.0, 1170441.4000000001), (10.0353491059941, 932856.8)]"
warehouse_agents25_targets9_v2.yaml,warehouse_agents25_targets9_v2,25,9.0,RGCM,0,5333,398,1056977.0000000002,10.313444023995544,93,0,-1.0,-1.0,"[(0.0, 1068235.0000000002), (9.39782875101082, 1056977.0000000002)]"
warehouse_agents25_targets9_v3.yaml,warehouse_agents25_targets9_v3,25,9.0,RGCM,0,5093,394,1040817.8,10.057010113989236,96,0,-1.0,-1.0,"[(0.0, 1170441.4000000001), (10.038795987013145, 1040817.8)]"
warehouse_agents25_targets9_v3.yaml,warehouse_agents25_targets9_v3,25,9.0,CHHM,0,5089,394,1040813.8,10.061389180991682,96,0,-1.0,-1.0,"[(0.0, 1170441.4000000001), (10.043219939005212, 1040813.8)]"
warehouse_agents25_targets9_v4.yaml,warehouse_agents25_targets9_v4,25,9.0,Base,0,5023,314,1066897.0000000002,10.016995821992168,93,0,-1.0,-1.0,"[(0.0, 1238255.0000000002), (8.770029663006426, 1066897.0000000002)]"
warehouse_agents25_targets9_v5.yaml,warehouse_agents25_targets9_v5,25,9.0,Base,0,5048,346,920776.0,10.021985219995258,86,0,-1.0,-1.0,"[(0.0, 920776.0)]"
warehouse_agents25_targets9_v5.yaml,warehouse_agents25_targets9_v5,25,9.0,RGCM,0,5048,346,920776.0,10.022113596991403,86,0,-1.0,-1.0,"[(0.0, 920776.0)]"
warehouse_agents25_targets9_v4.yaml,warehouse_agents25_targets9_v4,25,9.0,RGCM,0,5023,314,1066897.0000000002,10.655320274992846,93,0,-1.0,-1.0,"[(0.0, 1238255.0000000002), (9.695618628000375, 1066897.0000000002)]"
warehouse_agents25_targets9_v4.yaml,warehouse_agents25_targets9_v4,25,9.0,CHHM,0,5023,314,1066897.0000000002,10.59405082599551,93,0,-1.0,-1.0,"[(0.0, 1238255.0000000002), (9.654952864002553, 1066897.0000000002)]"
warehouse_agents25_targets9_v5.yaml,warehouse_agents25_targets9_v5,25,9.0,CHHM,0,5048,346,920776.0,10.018804438994266,86,0,-1.0,-1.0,"[(0.0, 920776.0)]"
warehouse_agents50_targets12_v1.yaml,warehouse_agents50_targets12_v1,50,12.0,Base,0,15400,582,22609864.0,10.13877635600511,540,0,-1.0,-1.0,"[(0.0, 22609864.0)]"
warehouse_agents50_targets12_v1.yaml,warehouse_agents50_targets12_v1,50,12.0,CHHM,0,15400,582,22609864.0,10.092880284006242,540,0,-1.0,-1.0,"[(0.0, 22609864.0)]"
warehouse_agents50_targets12_v1.yaml,warehouse_agents50_targets12_v1,50,12.0,RGCM,0,15400,582,22609864.0,10.09178864400019,540,0,-1.0,-1.0,"[(0.0, 22609864.0)]"
warehouse_agents50_targets12_v2.yaml,warehouse_agents50_targets12_v2,50,12.0,RGCM,0,15497,592,23893112.599999998,10.107639177003875,566,0,-1.0,-1.0,"[(0.0, 24061857.0), (10.067471621005097, 23893112.599999998)]"
warehouse_agents50_targets12_v3.yaml,warehouse_agents50_targets12_v3,50,12.0,Base,0,14857,588,21040675.0,10.122683032008354,513,0,-1.0,-1.0,"[(0.0, 21696426.0), (10.082818814000348, 21040675.0)]"
warehouse_agents50_targets12_v2.yaml,warehouse_agents50_targets12_v2,50,12.0,Base,0,15496,592,23935298.2,10.200486496993108,567,0,-1.0,-1.0,"[(0.0, 24061857.0), (10.147910838000826, 23935298.2)]"
warehouse_agents50_targets12_v2.yaml,warehouse_agents50_targets12_v2,50,12.0,CHHM,0,15497,592,23893112.599999998,10.118104416003916,566,0,-1.0,-1.0,"[(0.0, 24061857.0), (10.073812375005218, 23893112.599999998)]"
warehouse_agents50_targets12_v3.yaml,warehouse_agents50_targets12_v3,50,12.0,RGCM,0,14857,588,21040675.0,10.154117241996573,513,0,-1.0,-1.0,"[(0.0, 21696426.0), (10.116657467006007, 21040675.0)]"
warehouse_agents50_targets12_v3.yaml,warehouse_agents50_targets12_v3,50,12.0,CHHM,0,14857,588,21040675.0,10.109015790992999,513,0,-1.0,-1.0,"[(0.0, 21696426.0), (10.078834321000613, 21040675.0)]"
warehouse_agents50_targets3_v1.yaml,warehouse_agents50_targets3_v1,50,3.0,Base,0,3692,186,2503989.8000000003,10.043119883004692,154,0,-1.0,-1.0,"[(0.0, 2552728.9), (10.030518301995471, 2503989.8000000003)]"
warehouse_agents50_targets12_v4.yaml,warehouse_agents50_targets12_v4,50,12.0,RGCM,0,15025,596,20430662.2,10.095755577989621,502,0,-1.0,-1.0,"[(0.0, 20430662.2)]"
warehouse_agents50_targets12_v4.yaml,warehouse_agents50_targets12_v4,50,12.0,Base,0,15025,596,20430662.2,10.110706849998678,502,0,-1.0,-1.0,"[(0.0, 20430662.2)]"
warehouse_agents50_targets12_v4.yaml,warehouse_agents50_targets12_v4,50,12.0,CHHM,0,15025,596,20430662.2,10.105406019007205,502,0,-1.0,-1.0,"[(0.0, 20430662.2)]"
warehouse_agents50_targets12_v5.yaml,warehouse_agents50_targets12_v5,50,12.0,CHHM,0,15737,637,21768083.6,10.228436784003861,527,0,-1.0,-1.0,"[(0.0, 21850631.200000003), (10.128510009002639, 21768083.6)]"
warehouse_agents50_targets12_v5.yaml,warehouse_agents50_targets12_v5,50,12.0,Base,0,15737,637,21768083.6,10.137996857010876,527,0,-1.0,-1.0,"[(0.0, 21850631.200000003), (10.091689153006882, 21768083.6)]"
warehouse_agents50_targets12_v5.yaml,warehouse_agents50_targets12_v5,50,12.0,RGCM,0,15737,637,21768083.6,10.157761904003564,527,0,-1.0,-1.0,"[(0.0, 21850631.200000003), (10.110113350005122, 21768083.6)]"
warehouse_agents50_targets3_v1.yaml,warehouse_agents50_targets3_v1,50,3.0,RGCM,0,3674,186,2422793.3000000003,10.023283190996153,149,0,-1.0,-1.0,"[(0.0, 2552728.9), (10.014119200001005, 2422793.3000000003)]"
warehouse_agents50_targets3_v1.yaml,warehouse_agents50_targets3_v1,50,3.0,CHHM,0,3692,186,2503989.8000000003,10.03124663500057,154,0,-1.0,-1.0,"[(0.0, 2552728.9), (10.021101026999531, 2503989.8000000003)]"
warehouse_agents50_targets3_v2.yaml,warehouse_agents50_targets3_v2,50,3.0,Base,0,3634,173,3015898.0,10.030572037998354,170,0,-1.0,-1.0,"[(0.0, 3015898.0)]"
warehouse_agents50_targets3_v2.yaml,warehouse_agents50_targets3_v2,50,3.0,RGCM,0,3634,173,3015898.0,10.082038224005373,170,0,-1.0,-1.0,"[(0.0, 3015898.0)]"
warehouse_agents50_targets3_v2.yaml,warehouse_agents50_targets3_v2,50,3.0,CHHM,0,3634,173,3015898.0,10.016837772011058,170,0,-1.0,-1.0,"[(0.0, 3015898.0)]"
warehouse_agents50_targets3_v3.yaml,warehouse_agents50_targets3_v3,50,3.0,Base,0,3582,161,2165414.1,10.058177167011308,127,0,-1.0,-1.0,"[(0.0, 2540036.6999999997), (10.034299167004065, 2165414.1)]"
warehouse_agents50_targets3_v3.yaml,warehouse_agents50_targets3_v3,50,3.0,RGCM,0,3582,161,2165414.1,10.063589400000637,127,0,-1.0,-1.0,"[(0.0, 2540036.6999999997), (10.0434492110071, 2165414.1)]"
warehouse_agents50_targets3_v3.yaml,warehouse_agents50_targets3_v3,50,3.0,CHHM,0,3582,161,2165414.1,10.060524440006702,127,0,-1.0,-1.0,"[(0.0, 2540036.6999999997), (10.032726876001107, 2165414.1)]"
warehouse_agents50_targets3_v4.yaml,warehouse_agents50_targets3_v4,50,3.0,Base,0,3625,159,3132133.3000000003,10.023978423007065,179,0,-1.0,-1.0,"[(0.0, 3481646.3000000003), (10.016367745003663, 3132133.3000000003)]"
warehouse_agents50_targets3_v4.yaml,warehouse_agents50_targets3_v4,50,3.0,RGCM,0,3625,159,3132133.3000000003,10.036542921996443,179,0,-1.0,-1.0,"[(0.0, 3481646.3000000003), (10.025449872002355, 3132133.3000000003)]"
warehouse_agents50_targets3_v4.yaml,warehouse_agents50_targets3_v4,50,3.0,CHHM,0,3625,159,3132133.3000000003,10.034150455001509,179,0,-1.0,-1.0,"[(0.0, 3481646.3000000003), (10.024657348010805, 3132133.3000000003)]"
warehouse_agents50_targets3_v5.yaml,warehouse_agents50_targets3_v5,50,3.0,RGCM,0,3628,172,2398500.6999999997,10.037727062008344,139,0,-1.0,-1.0,"[(0.0, 2519118.8), (10.02916843300045, 2398500.6999999997)]"
warehouse_agents50_targets3_v5.yaml,warehouse_agents50_targets3_v5,50,3.0,Base,0,3628,172,2398500.6999999997,10.040831516002072,139,0,-1.0,-1.0,"[(0.0, 2519118.8), (10.027810389001388, 2398500.6999999997)]"
warehouse_agents50_targets3_v5.yaml,warehouse_agents50_targets3_v5,50,3.0,CHHM,0,3628,172,2398500.6999999997,10.045641963006346,139,0,-1.0,-1.0,"[(0.0, 2519118.8), (10.031621664995328, 2398500.6999999997)]"
warehouse_agents50_targets6_v1.yaml,warehouse_agents50_targets6_v1,50,6.0,RGCM,0,7151,297,6946067.0,10.086167964007473,248,0,-1.0,-1.0,"[(0.0, 7057987.0), (10.059992045004037, 6946067.0)]"
warehouse_agents50_targets6_v1.yaml,warehouse_agents50_targets6_v1,50,6.0,Base,0,7151,297,6946067.0,10.06536783699994,248,0,-1.0,-1.0,"[(0.0, 7057987.0), (10.0417307579919, 6946067.0)]"
warehouse_agents50_targets6_v1.yaml,warehouse_agents50_targets6_v1,50,6.0,CHHM,0,7151,297,6946067.0,10.053970424996805,248,0,-1.0,-1.0,"[(0.0, 7057987.0), (10.037686351002776, 6946067.0)]"
warehouse_agents50_targets6_v2.yaml,warehouse_agents50_targets6_v2,50,6.0,Base,0,7103,313,6690429.2,10.079405910000787,243,0,-1.0,-1.0,"[(0.0, 7047996.4), (10.056103697002982, 6690429.2)]"
warehouse_agents50_targets6_v2.yaml,warehouse_agents50_targets6_v2,50,6.0,RGCM,0,7103,313,6690429.2,10.077666810000665,243,0,-1.0,-1.0,"[(0.0, 7047996.4), (10.050316879001912, 6690429.2)]"
warehouse_agents50_targets6_v2.yaml,warehouse_agents50_targets6_v2,50,6.0,CHHM,0,7103,313,6690429.2,10.08235932700336,243,0,-1.0,-1.0,"[(0.0, 7047996.4), (10.058331584994448, 6690429.2)]"
warehouse_agents50_targets6_v3.yaml,warehouse_agents50_targets6_v3,50,6.0,Base,0,7405,369,7612612.600000001,10.067493530004867,284,0,-1.0,-1.0,"[(0.0, 7692948.300000001), (10.045937247996335, 7612612.600000001)]"
warehouse_agents50_targets6_v3.yaml,warehouse_agents50_targets6_v3,50,6.0,RGCM,0,7405,369,7612612.600000001,10.08450578400516,284,0,-1.0,-1.0,"[(0.0, 7692948.300000001), (10.057262795002316, 7612612.600000001)]"
warehouse_agents50_targets6_v3.yaml,warehouse_agents50_targets6_v3,50,6.0,CHHM,0,7405,369,7612612.600000001,10.07022477198916,284,0,-1.0,-1.0,"[(0.0, 7692948.300000001), (10.047868468012894, 7612612.600000001)]"
warehouse_agents50_targets6_v4.yaml,warehouse_agents50_targets6_v4,50,6.0,Base,0,6709,274,6357469.0,10.088421971988282,236,0,-1.0,-1.0,"[(0.0, 6518947.0), (10.064567159002763, 6357469.0)]"
warehouse_agents50_targets6_v4.yaml,warehouse_agents50_targets6_v4,50,6.0,RGCM,0,6709,274,6357469.0,10.048382706008852,236,0,-1.0,-1.0,"[(0.0, 6518947.0), (10.031251371998223, 6357469.0)]"
warehouse_agents50_targets6_v4.yaml,warehouse_agents50_targets6_v4,50,6.0,CHHM,0,6709,274,6357469.0,10.087112264009193,236,0,-1.0,-1.0,"[(0.0, 6518947.0), (10.063610383003834, 6357469.0)]"
warehouse_agents50_targets6_v5.yaml,warehouse_agents50_targets6_v5,50,6.0,Base,0,6878,290,5946618.8,10.076481672003865,224,0,-1.0,-1.0,"[(0.0, 6052680.600000001), (10.054943365001236, 5946618.8)]"
warehouse_agents50_targets6_v5.yaml,warehouse_agents50_targets6_v5,50,6.0,RGCM,0,6878,290,5946618.8,10.066566859997693,224,0,-1.0,-1.0,"[(0.0, 6052680.600000001), (10.042267842000001, 5946618.8)]"
warehouse_agents50_targets6_v5.yaml,warehouse_agents50_targets6_v5,50,6.0,CHHM,0,6878,290,5946618.8,10.062052317996859,224,0,-1.0,-1.0,"[(0.0, 6052680.600000001), (10.042395149997901, 5946618.8)]"
warehouse_agents50_targets9_v1.yaml,warehouse_agents50_targets9_v1,50,9.0,Base,0,10117,384,12456447.4,10.098517077989527,378,0,-1.0,-1.0,"[(0.0, 12456449.4), (10.06786317199294, 12456447.4)]"
warehouse_agents50_targets9_v1.yaml,warehouse_agents50_targets9_v1,50,9.0,RGCM,0,10117,384,12456447.4,10.084727546010981,378,0,-1.0,-1.0,"[(0.0, 12456449.4), (10.062385661003646, 12456447.4)]"
warehouse_agents50_targets9_v1.yaml,warehouse_agents50_targets9_v1,50,9.0,CHHM,0,10117,384,12456447.4,10.07532567900489,378,0,-1.0,-1.0,"[(0.0, 12456449.4), (10.052325402008137, 12456447.4)]"
warehouse_agents50_targets9_v2.yaml,warehouse_agents50_targets9_v2,50,9.0,Base,0,10766,469,13050068.600000001,10.080325821007136,382,0,-1.0,-1.0,"[(0.0, 13357170.3), (10.04898468000465, 13050068.600000001)]"
warehouse_agents50_targets9_v2.yaml,warehouse_agents50_targets9_v2,50,9.0,RGCM,0,10766,469,13050068.600000001,10.132581129000755,382,0,-1.0,-1.0,"[(0.0, 13357170.3), (10.096757723003975, 13050068.600000001)]"
warehouse_agents50_targets9_v2.yaml,warehouse_agents50_targets9_v2,50,9.0,CHHM,0,10766,469,13050068.600000001,10.144084644998657,382,0,-1.0,-1.0,"[(0.0, 13357170.3), (10.105403403009404, 13050068.600000001)]"
warehouse_agents50_targets9_v3.yaml,warehouse_agents50_targets9_v3,50,9.0,Base,0,10374,427,11973552.6,10.082882628004882,334,0,-1.0,-1.0,"[(0.0, 11973552.6)]"
warehouse_agents50_targets9_v3.yaml,warehouse_agents50_targets9_v3,50,9.0,CHHM,0,10374,427,11973552.6,10.075867440013099,334,0,-1.0,-1.0,"[(0.0, 11973552.6)]"
warehouse_agents50_targets9_v3.yaml,warehouse_agents50_targets9_v3,50,9.0,RGCM,0,10374,427,11973552.6,10.100042531994404,334,0,-1.0,-1.0,"[(0.0, 11973552.6)]"
warehouse_agents50_targets9_v4.yaml,warehouse_agents50_targets9_v4,50,9.0,Base,0,10467,474,11891853.000000002,10.12116036900261,330,0,-1.0,-1.0,"[(0.0, 12179889.600000001), (10.082949001007364, 11891853.000000002)]"
warehouse_agents50_targets9_v4.yaml,warehouse_agents50_targets9_v4,50,9.0,RGCM,0,10467,474,11891853.000000002,10.078874355996959,330,0,-1.0,-1.0,"[(0.0, 12179889.600000001), (10.053337795005064, 11891853.000000002)]"
warehouse_agents50_targets9_v4.yaml,warehouse_agents50_targets9_v4,50,9.0,CHHM,0,10467,474,11891853.000000002,10.144662929989863,330,0,-1.0,-1.0,"[(0.0, 12179889.600000001), (10.105776569005684, 11891853.000000002)]"
warehouse_agents50_targets9_v5.yaml,warehouse_agents50_targets9_v5,50,9.0,Base,0,10111,455,11553341.8,10.098738879998564,327,0,-1.0,-1.0,"[(0.0, 11553341.8)]"
warehouse_agents50_targets9_v5.yaml,warehouse_agents50_targets9_v5,50,9.0,RGCM,0,10111,455,11553341.8,10.08938246499747,327,0,-1.0,-1.0,"[(0.0, 11553341.8)]"
warehouse_agents5_targets12_v1.yaml,warehouse_agents5_targets12_v1,5,12.0,Base,0,739,251,739.0,10.004078010999365,0,1,0.0,2.241968493995955,"[(0.0, 1308), (1.3441298679972533, 782), (2.241968493995955, 739)]"
warehouse_agents5_targets12_v1.yaml,warehouse_agents5_targets12_v1,5,12.0,RGCM,0,599,154,599.0,10.003819310004474,0,1,0.0,6.472816895009601,"[(0.0, 1308), (1.3915015189995756, 782), (2.3089801000023726, 739), (6.472816895009601, 599)]"
warehouse_agents50_targets9_v5.yaml,warehouse_agents50_targets9_v5,50,9.0,CHHM,0,10111,455,11553341.8,10.093330763993436,327,0,-1.0,-1.0,"[(0.0, 11553341.8)]"
warehouse_agents5_targets12_v1.yaml,warehouse_agents5_targets12_v1,5,12.0,CHHM,0,599,154,599.0,10.044692462004605,0,1,0.0,6.454225758003304,"[(0.0, 1308), (1.1003079049987718, 782), (1.7901113059924683, 739), (6.454225758003304, 599)]"
warehouse_agents5_targets12_v2.yaml,warehouse_agents5_targets12_v2,5,12.0,Base,0,769,191,769.0,10.001718065002933,0,1,0.0,5.968279123000684,"[(0.0, 2860.8), (0.9825623209908372, 820), (4.074795409993385, 807), (5.968279123000684, 769)]"
warehouse_agents5_targets12_v2.yaml,warehouse_agents5_targets12_v2,5,12.0,RGCM,0,795,221,795.0,10.00311234399851,0,1,0.0,8.327056099995389,"[(0.0, 2860.8), (1.1562732599995798, 820), (8.327056099995389, 795)]"
warehouse_agents5_targets12_v2.yaml,warehouse_agents5_targets12_v2,5,12.0,CHHM,0,795,221,795.0,10.002223386996775,0,1,0.0,8.59321705000184,"[(0.0, 2860.8), (1.3215942740062019, 820), (8.59321705000184, 795)]"
warehouse_agents5_targets12_v3.yaml,warehouse_agents5_targets12_v3,5,12.0,Base,0,738,251,738.0,10.012871754006483,0,1,3.0796626890078187,6.271307036004146,"[(0.0, 10721.6), (1.8847897820087383, 7790.0), (3.0796626890078187, 807), (6.271307036004146, 738)]"
warehouse_agents5_targets12_v3.yaml,warehouse_agents5_targets12_v3,5,12.0,CHHM,0,555,124,555.0,10.002793822000967,0,1,3.0162476940022316,7.935529699010658,"[(0.0, 10721.6), (1.8268549000058556, 7790.0), (3.0162476940022316, 807), (5.622355302999495, 681), (6.5320466730045155, 557), (7.935529699010658, 555)]"
warehouse_agents5_targets12_v3.yaml,warehouse_agents5_targets12_v3,5,12.0,RGCM,0,557,124,557.0,10.144179765004083,0,1,2.411503151000943,4.995614186991588,"[(0.0, 10721.6), (1.4748424979916308, 7790.0), (2.411503151000943, 807), (4.422091539992834, 681), (4.995614186991588, 557)]"
warehouse_agents5_targets12_v4.yaml,warehouse_agents5_targets12_v4,5,12.0,Base,0,741,183,741.0,10.003295309012174,0,1,3.3142121140117524,3.3142121140117524,"[(0.0, 5521.0), (1.2163873000099557, 2487.0), (3.3142121140117524, 741)]"
warehouse_agents5_targets12_v4.yaml,warehouse_agents5_targets12_v4,5,12.0,RGCM,0,641,164,641.0,10.001997029001359,0,1,3.1601143529987894,4.450969481986249,"[(0.0, 5521.0), (1.174482297996292, 2487.0), (3.1601143529987894, 693), (4.028486337992945, 662), (4.450969481986249, 641)]"
warehouse_agents5_targets12_v4.yaml,warehouse_agents5_targets12_v4,5,12.0,CHHM,0,605,135,605.0,10.003050836996408,0,1,3.1027892699930817,9.179290232001222,"[(0.0, 5521.0), (1.130338575996575, 2487.0), (3.1027892699930817, 693), (3.8579459809989203, 662), (4.434058804996312, 641), (4.96166474900383, 607), (9.179290232001222, 605)]"
warehouse_agents5_targets12_v5.yaml,warehouse_agents5_targets12_v5,5,12.0,Base,0,726,187,726.0,10.001643985000555,0,1,2.8922090220003156,2.8922090220003156,"[(0.0, 2660.8), (0.6417488860024605, 2485.8), (2.8922090220003156, 726)]"
warehouse_agents5_targets12_v5.yaml,warehouse_agents5_targets12_v5,5,12.0,RGCM,0,605,145,605.0,10.001440485997591,0,1,1.957486899002106,8.542688736997661,"[(0.0, 2660.8), (0.39305068900284823, 2485.8), (1.957486899002106, 722), (2.6929998449923005, 608), (6.742418491005083, 606), (8.542688736997661, 605)]"
warehouse_agents5_targets12_v5.yaml,warehouse_agents5_targets12_v5,5,12.0,CHHM,0,585,129,585.0,10.002809362995322,0,1,1.8946007400081726,6.421106036010315,"[(0.0, 2660.8), (0.42658802500227466, 2485.8), (1.8946007400081726, 722), (2.251763859996572, 656), (2.9909845880029025, 636), (4.041081126997597, 594), (6.421106036010315, 585)]"
warehouse_agents5_targets3_v1.yaml,warehouse_agents5_targets3_v1,5,3.0,RGCM,0,201,55,201.0,10.000708503997885,0,1,0.0,2.796356321996427,"[(0.0, 331), (0.2357432249991689, 219), (1.1681568210042315, 205), (1.39802282799792, 203), (2.796356321996427, 201)]"
warehouse_agents5_targets3_v1.yaml,warehouse_agents5_targets3_v1,5,3.0,Base,0,202,56,202.0,10.001112238998758,0,1,0.0,6.598927822007681,"[(0.0, 331), (0.34919905400602147, 219), (2.9196237410069443, 209), (4.696165026005474, 207), (6.598927822007681, 202)]"
warehouse_agents5_targets3_v1.yaml,warehouse_agents5_targets3_v1,5,3.0,CHHM,0,201,55,201.0,10.05036500901042,0,1,0.0,2.433517794997897,"[(0.0, 331), (0.23464014599449, 219), (0.9430281940003624, 205), (1.1604701199976262, 203), (2.433517794997897, 201)]"
warehouse_agents5_targets3_v2.yaml,warehouse_agents5_targets3_v2,5,3.0,Base,0,254,70,254.0,10.000635685006273,0,1,0.0,4.067271394000272,"[(0.0, 394), (0.417069741000887, 289), (1.2200036409922177, 287), (1.6535488459921908, 264), (2.3799824839952635, 263), (3.2274825329950545, 262), (4.067271394000272, 254)]"
warehouse_agents5_targets3_v2.yaml,warehouse_agents5_targets3_v2,5,3.0,RGCM,0,247,68,247.0,10.015868511996814,0,1,0.0,9.902896275001694,"[(0.0, 394), (0.39768068300327286, 289), (1.1915983540093293, 254), (1.697376644005999, 252), (9.902896275001694, 247)]"
warehouse_agents5_targets3_v2.yaml,warehouse_agents5_targets3_v2,5,3.0,CHHM,0,247,68,247.0,10.001043686002959,0,1,0.0,9.74147481500404,"[(0.0, 394), (0.40187879200675525, 289), (1.344254579002154, 254), (1.7851133170042885, 252), (9.74147481500404, 247)]"
warehouse_agents5_targets3_v3.yaml,warehouse_agents5_targets3_v3,5,3.0,Base,0,298,76,298.0,10.000568985997234,0,1,0.7302297550049843,9.058752138997079,"[(0.0, 2473.2), (0.24416260300495196, 2455.2), (0.7302297550049843, 373), (1.999194151008851, 366), (2.2946855280024465, 317), (9.058752138997079, 298)]"
warehouse_agents5_targets3_v3.yaml,warehouse_agents5_targets3_v3,5,3.0,RGCM,0,280,74,280.0,10.06032519499422,0,1,1.0187007089989493,3.513119809998898,"[(0.0, 2473.2), (0.30073357799847145, 2455.2), (1.0187007089989493, 373), (1.520702837005956, 355), (1.9197669830027735, 339), (2.372170856993762, 302), (2.923334897001041, 297), (3.513119809998898, 280)]"
warehouse_agents5_targets3_v3.yaml,warehouse_agents5_targets3_v3,5,3.0,CHHM,0,280,74,280.0,10.06193070700101,0,1,0.7071397980034817,2.683592740999302,"[(0.0, 2473.2), (0.19061624100140762, 2455.2), (0.7071397980034817, 373), (1.0519337760051712, 355), (1.310269806010183, 339), (1.592481896004756, 302), (2.1036107719992287, 297), (2.683592740999302, 280)]"
warehouse_agents5_targets3_v4.yaml,warehouse_agents5_targets3_v4,5,3.0,Base,0,285,73,285.0,10.128802527993685,0,1,0.6082629909942625,1.284202216003905,"[(0.0, 2489.3999999999996), (0.28002468099293765, 1825.6), (0.6082629909942625, 360), (0.9994374410016462, 329), (1.284202216003905, 285)]"
warehouse_agents5_targets3_v4.yaml,warehouse_agents5_targets3_v4,5,3.0,RGCM,0,279,73,279.0,10.000967240004684,0,1,0.4051693680085009,5.279729319008766,"[(0.0, 2489.3999999999996), (0.1841276490013115, 1825.6), (0.4051693680085009, 360), (0.679460522995214, 318), (0.976468674998614, 300), (1.4019147270009853, 287), (1.7400745269987965, 281), (5.279729319008766, 279)]"
warehouse_agents5_targets3_v5.yaml,warehouse_agents5_targets3_v5,5,3.0,Base,0,301,70,301.0,10.001196050012368,0,1,0.0,9.391114362006192,"[(0.0, 434), (0.2110181640018709, 357), (0.4973437980079325, 311), (1.3821626900025876, 306), (9.391114362006192, 301)]"
warehouse_agents5_targets3_v4.yaml,warehouse_agents5_targets3_v4,5,3.0,CHHM,0,281,73,281.0,10.088183693005703,0,1,0.5972623770067003,2.2425211280060466,"[(0.0, 2489.3999999999996), (0.2821454040094977, 1825.6), (0.5972623770067003, 360), (0.9810933810076676, 318), (1.2939030859997729, 300), (1.7602802860055817, 287), (2.2425211280060466, 281)]"
warehouse_agents5_targets3_v5.yaml,warehouse_agents5_targets3_v5,5,3.0,RGCM,0,284,64,284.0,10.000822158996016,0,1,0.0,7.50754842000606,"[(0.0, 434), (0.2136218030063901, 357), (0.6791782460059039, 311), (1.0865047289989889, 301), (1.4171287399949506, 299), (2.692564568002126, 295), (7.50754842000606, 284)]"
warehouse_agents5_targets3_v5.yaml,warehouse_agents5_targets3_v5,5,3.0,CHHM,0,284,64,284.0,10.000891611998668,0,1,0.0,8.360714491005638,"[(0.0, 434), (0.26980917500623036, 357), (0.6106083180056885, 311), (0.8546907429990824, 301), (1.1854816810082411, 299), (2.335593501004041, 295), (8.360714491005638, 284)]"
warehouse_agents5_targets6_v1.yaml,warehouse_agents5_targets6_v1,5,6.0,Base,0,379,90,379.0,10.001537360003567,0,1,0.9631373199954396,9.160456495999824,"[(0.0, 3550.7999999999997), (0.3455974590033293, 2630.2), (0.9631373199954396, 412), (9.160456495999824, 379)]"
warehouse_agents5_targets6_v1.yaml,warehouse_agents5_targets6_v1,5,6.0,RGCM,0,369,90,369.0,10.000534841004992,0,1,0.9081241690000752,9.730531351000536,"[(0.0, 3550.7999999999997), (0.32233086800260935, 2630.2), (0.9081241690000752, 412), (2.807251512000221, 405), (3.5855100640037563, 383), (4.730703341003391, 372), (5.3275540489994455, 371), (6.19185851799557, 370), (9.730531351000536, 369)]"
warehouse_agents5_targets6_v1.yaml,warehouse_agents5_targets6_v1,5,6.0,CHHM,0,369,90,369.0,10.246396307993564,0,1,1.0120470309921075,9.926203233000706,"[(0.0, 3550.7999999999997), (0.43043663499702234, 2630.2), (1.0120470309921075, 412), (3.4070375409937697, 405), (4.182817506996798, 383), (5.387178514996776, 372), (5.977289973990992, 371), (6.833102591001079, 370), (9.926203233000706, 369)]"
warehouse_agents5_targets6_v2.yaml,warehouse_agents5_targets6_v2,5,6.0,Base,0,442,107,442.0,10.113127771997824,0,1,0.0,9.90408159699291,"[(0.0, 759), (0.8324505130003672, 464), (2.7058017410017783, 449), (9.90408159699291, 442)]"
warehouse_agents5_targets6_v2.yaml,warehouse_agents5_targets6_v2,5,6.0,CHHM,0,404,92,404.0,10.003109148994554,0,1,0.0,3.8469892970024375,"[(0.0, 759), (0.6394195829925593, 464), (2.2449142300029052, 454), (2.6324875010031974, 422), (3.8469892970024375, 404)]"
warehouse_agents5_targets6_v2.yaml,warehouse_agents5_targets6_v2,5,6.0,RGCM,0,402,93,402.0,10.122316000997671,0,1,0.0,8.485899336999864,"[(0.0, 759), (0.7456060619879281, 464), (4.040048769995337, 422), (5.341032654992887, 420), (5.854520721986773, 416), (7.81038139598968, 414), (8.485899336999864, 402)]"
warehouse_agents5_targets6_v3.yaml,warehouse_agents5_targets6_v3,5,6.0,Base,0,462,110,462.0,10.002462545991875,0,1,1.9359698640037095,4.313139356992906,"[(0.0, 10174.0), (1.0593432369932998, 1507.0), (1.9359698640037095, 512), (2.491211176995421, 466), (4.313139356992906, 462)]"
warehouse_agents5_targets6_v3.yaml,warehouse_agents5_targets6_v3,5,6.0,RGCM,0,427,95,427.0,10.004378113997518,0,1,1.9295062360033626,6.974698260004516,"[(0.0, 10174.0), (0.9377561480068834, 1507.0), (1.9295062360033626, 512), (2.6171943480003392, 466), (3.8674972120061284, 459), (4.538362937004422, 447), (6.398083904001396, 443), (6.974698260004516, 427)]"
warehouse_agents5_targets6_v4.yaml,warehouse_agents5_targets6_v4,5,6.0,Base,0,409,99,409.0,10.001493229996413,0,1,1.1389956830098527,5.413947134002228,"[(0.0, 3414.6), (0.5541373430023668, 3193.6), (1.1389956830098527, 443), (5.413947134002228, 409)]"
warehouse_agents5_targets6_v3.yaml,warehouse_agents5_targets6_v3,5,6.0,CHHM,0,427,95,427.0,10.154202908001025,0,1,1.5870154509902932,5.990691810002318,"[(0.0, 10174.0), (0.8283374739985447, 1507.0), (1.5870154509902932, 512), (2.0690187809959752, 466), (3.042776625996339, 459), (3.5552656359941466, 447), (5.452266023989068, 443), (5.990691810002318, 427)]"
warehouse_agents5_targets6_v4.yaml,warehouse_agents5_targets6_v4,5,6.0,RGCM,0,371,87,371.0,10.000579836007091,0,1,0.9198629550082842,3.308027742008562,"[(0.0, 3414.6), (0.4745708750124322, 3193.6), (0.9198629550082842, 443), (1.4586493500100914, 391), (2.8530821740132524, 381), (3.308027742008562, 371)]"
warehouse_agents5_targets6_v4.yaml,warehouse_agents5_targets6_v4,5,6.0,CHHM,0,371,87,371.0,10.004008552001324,0,1,1.1256428260094253,4.200126585012185,"[(0.0, 3414.6), (0.5444937010033755, 3193.6), (1.1256428260094253, 443), (1.8578544660122134, 391), (3.6199992270121584, 381), (4.200126585012185, 371)]"
warehouse_agents5_targets6_v5.yaml,warehouse_agents5_targets6_v5,5,6.0,Base,0,426,92,426.0,10.001831678993767,0,1,0.0,6.620231531007448,"[(0.0, 3823.7999999999997), (0.6627266669966048, 484), (6.620231531007448, 426)]"
warehouse_agents5_targets6_v5.yaml,warehouse_agents5_targets6_v5,5,6.0,RGCM,0,424,97,424.0,10.000982190002105,0,1,0.0,8.828299066997715,"[(0.0, 3823.7999999999997), (0.8505458900035592, 484), (4.847718591001467, 475), (5.853134267992573, 450), (7.290049856994301, 432), (8.828299066997715, 424)]"
warehouse_agents5_targets6_v5.yaml,warehouse_agents5_targets6_v5,5,6.0,CHHM,0,424,97,424.0,10.000706597988028,0,1,0.0,7.903697346991976,"[(0.0, 3823.7999999999997), (0.8996824689966161, 484), (4.255677630993887, 475), (5.239142927995999, 450), (6.549690461994032, 432), (7.903697346991976, 424)]"
warehouse_agents5_targets9_v1.yaml,warehouse_agents5_targets9_v1,5,9.0,Base,0,560,160,560.0,10.00417757598916,0,1,2.8203916589991422,7.492551272996934,"[(0.0, 3290.4), (0.5178924490028294, 1970.2), (2.8203916589991422, 572), (7.492551272996934, 560)]"
warehouse_agents5_targets9_v1.yaml,warehouse_agents5_targets9_v1,5,9.0,RGCM,0,502,114,502.0,10.001211092996527,0,1,2.923753764000139,7.9842763310007285,"[(0.0, 3290.4), (0.6186960640043253, 1970.2), (2.923753764000139, 511), (6.3228104270092444, 508), (7.9842763310007285, 502)]"
warehouse_agents5_targets9_v1.yaml,warehouse_agents5_targets9_v1,5,9.0,CHHM,0,502,114,502.0,10.151941340998746,0,1,3.185461398999905,8.44161348498892,"[(0.0, 3290.4), (0.6743387599999551, 1970.2), (3.185461398999905, 511), (6.677986634997069, 508), (8.44161348498892, 502)]"
warehouse_agents5_targets9_v2.yaml,warehouse_agents5_targets9_v2,5,9.0,Base,0,607,165,607.0,10.001976555999136,0,1,0.0,7.6659828379924875,"[(0.0, 9019.2), (1.1182897089893231, 710), (4.9009462379908655, 641), (7.6659828379924875, 607)]"
warehouse_agents5_targets9_v2.yaml,warehouse_agents5_targets9_v2,5,9.0,RGCM,0,537,116,537.0,10.003153879006277,0,1,0.0,8.105769326997688,"[(0.0, 9019.2), (0.9184477939998033, 710), (2.557160679003573, 621), (4.24636448599631, 596), (6.268035367000266, 553), (8.105769326997688, 537)]"
warehouse_agents5_targets9_v3.yaml,warehouse_agents5_targets9_v3,5,9.0,Base,0,593,153,593.0,10.00173841099604,0,1,0.0,2.0916035970003577,"[(0.0, 4576.6), (0.9318555729987565, 826), (2.0916035970003577, 593)]"
warehouse_agents5_targets9_v2.yaml,warehouse_agents5_targets9_v2,5,9.0,CHHM,0,546,118,546.0,10.002622984000482,0,1,0.0,9.105909131001681,"[(0.0, 9019.2), (0.8878253740112996, 710), (2.3254284630093025, 606), (2.616925854003057, 566), (5.963828664011089, 564), (7.649965848002466, 557), (9.105909131001681, 546)]"
warehouse_agents5_targets9_v3.yaml,warehouse_agents5_targets9_v3,5,9.0,RGCM,0,536,153,536.0,10.002950163994683,0,1,0.0,6.533667226001853,"[(0.0, 4576.6), (1.012012607010547, 826), (2.0859122929978184, 593), (4.386134525004309, 566), (5.274567184009356, 564), (6.533667226001853, 536)]"
warehouse_agents5_targets9_v3.yaml,warehouse_agents5_targets9_v3,5,9.0,CHHM,0,485,129,485.0,10.003964728006395,0,1,0.0,8.905183327995474,"[(0.0, 4576.6), (0.9117133899999317, 826), (1.859209000991541, 593), (3.585668475992861, 566), (4.287130252996576, 564), (5.335282151994761, 536), (8.905183327995474, 485)]"
warehouse_agents5_targets9_v4.yaml,warehouse_agents5_targets9_v4,5,9.0,RGCM,0,584,183,584.0,10.002750027008005,0,1,1.4745449520123657,5.396744392011897,"[(0.0, 4573.6), (0.9142827650066465, 1921.2), (1.4745449520123657, 779), (2.1688607500109356, 637), (4.248903172003338, 588), (5.396744392011897, 584)]"
warehouse_agents5_targets9_v4.yaml,warehouse_agents5_targets9_v4,5,9.0,Base,0,558,163,558.0,10.00143128799391,0,1,1.994104156998219,8.713755192002282,"[(0.0, 4573.6), (1.1951859919936396, 1921.2), (1.994104156998219, 779), (2.9772424519906053, 637), (5.728652699996019, 627), (8.713755192002282, 558)]"
warehouse_agents5_targets9_v4.yaml,warehouse_agents5_targets9_v4,5,9.0,CHHM,0,584,183,584.0,10.00093150199973,0,1,1.9829457349987933,7.338810489003663,"[(0.0, 4573.6), (1.1933466829941608, 1921.2), (1.9829457349987933, 779), (2.8480379929969786, 637), (5.703072627991787, 588), (7.338810489003663, 584)]"
warehouse_agents5_targets9_v5.yaml,warehouse_agents5_targets9_v5,5,9.0,Base,0,587,162,587.0,10.226434833995881,0,1,2.6776357929920778,8.917047787996125,"[(0.0, 2181.2), (1.6767529909993755, 1834.2), (2.6776357929920778, 663), (8.917047787996125, 587)]"
warehouse_agents5_targets9_v5.yaml,warehouse_agents5_targets9_v5,5,9.0,CHHM,0,506,121,506.0,10.001037428999553,0,1,2.083680966999964,4.433463933004532,"[(0.0, 2181.2), (1.2960639049997553, 1834.2), (2.083680966999964, 663), (2.8187843050109223, 662), (3.6984697750012856, 564), (4.433463933004532, 506)]"
warehouse_agents5_targets9_v5.yaml,warehouse_agents5_targets9_v5,5,9.0,RGCM,0,495,125,495.0,10.001420638000127,0,1,1.9988296330120647,9.457197292009369,"[(0.0, 2181.2), (1.2263003550033318, 1834.2), (1.9988296330120647, 663), (2.319651538011385, 636), (2.971362376003526, 529), (4.148287010000786, 508), (7.1611617550079245, 504), (9.457197292009369, 495)]"
