map,goals,agents,alg,success_rate,soc_all_median,time_feas_median,conflicts_median,convergence_curve
warehouse,3.0,5,Base,1.0,285.0,0.6692463729996234,0.0,"[434.0, 285.0, 285.0, 285.0, 285.0, 285.0, 285.0, 285.0, 285.0, 285.0, 285.0, 285.0, 285.0, 285.0, 285.0, 285.0, 285.0, 285.0, 285.0, 285.0, 285.0, 285.0, 285.0, 285.0, 285.0, 285.0, 285.0, 285.0, 285.0, 285.0, 285.0, 285.0, 285.0, 285.0, 285.0, 285.0, 285.0, 285.0, 285.0, 285.0, 285.0, 285.0, 285.0, 285.0, 285.0, 285.0, 285.0, 285.0, 285.0, 285.0, 285.0, 285.0, 285.0, 285.0, 285.0, 285.0, 285.0, 285.0, 285.0, 285.0, 285.0, 285.0, 285.0, 285.0, 285.0, 285.0, 285.0, 285.0, 285.0, 285.0, 285.0, 285.0, 285.0, 285.0, 285.0, 285.0, 285.0, 285.0, 285.0, 285.0, 285.0, 285.0, 285.0, 285.0, 285.0, 285.0, 285.0, 285.0, 285.0, 285.0, 285.0, 285.0, 285.0, 285.0, 285.0, 285.0, 285.0, 285.0, 285.0, 285.0]"
warehouse,3.0,5,CHHM,1.0,280.0,0.652201087505091,0.0,"[434.0, 287.0, 280.0, 280.0, 280.0, 280.0, 280.0, 280.0, 280.0, 280.0, 280.0, 280.0, 280.0, 280.0, 280.0, 280.0, 280.0, 280.0, 280.0, 280.0, 280.0, 280.0, 280.0, 280.0, 280.0, 280.0, 280.0, 280.0, 280.0, 280.0, 280.0, 280.0, 280.0, 280.0, 280.0, 280.0, 280.0, 280.0, 280.0, 280.0, 280.0, 280.0, 280.0, 280.0, 280.0, 280.0, 280.0, 280.0, 280.0, 280.0, 280.0, 280.0, 280.0, 280.0, 280.0, 280.0, 280.0, 280.0, 280.0, 280.0, 280.0, 280.0, 280.0, 280.0, 280.0, 280.0, 280.0, 280.0, 280.0, 280.0, 280.0, 280.0, 280.0, 280.0, 280.0, 280.0, 280.0, 280.0, 280.0, 280.0, 280.0, 280.0, 280.0, 280.0, 280.0, 280.0, 280.0, 280.0, 280.0, 280.0, 280.0, 280.0, 280.0, 280.0, 280.0, 280.0, 280.0, 280.0, 280.0, 280.0]"
warehouse,3.0,5,RGCM,1.0,279.0,0.7119350385037251,0.0,"[434.0, 281.0, 280.0, 279.0, 279.0, 279.0, 279.0, 279.0, 279.0, 279.0, 279.0, 279.0, 279.0, 279.0, 279.0, 279.0, 279.0, 279.0, 279.0, 279.0, 279.0, 279.0, 279.0, 279.0, 279.0, 279.0, 279.0, 279.0, 279.0, 279.0, 279.0, 279.0, 279.0, 279.0, 279.0, 279.0, 279.0, 279.0, 279.0, 279.0, 279.0, 279.0, 279.0, 279.0, 279.0, 279.0, 279.0, 279.0, 279.0, 279.0, 279.0, 279.0, 279.0, 279.0, 279.0, 279.0, 279.0, 279.0, 279.0, 279.0, 279.0, 279.0, 279.0, 279.0, 279.0, 279.0, 279.0, 279.0, 279.0, 279.0, 279.0, 279.0, 279.0, 279.0, 279.0, 279.0, 279.0, 279.0, 279.0, 279.0, 279.0, 279.0, 279.0, 279.0, 279.0, 279.0, 279.0, 279.0, 279.0, 279.0, 279.0, 279.0, 279.0, 279.0, 279.0, 279.0, 279.0, 279.0, 279.0, 279.0]"
warehouse,3.0,10,Base,0.8,549.0,2.109068259000196,1.0,"[6839.8, 610.0, 576.0, 576.0, 554.0, 549.0, 549.0, 549.0, 549.0, 549.0, 549.0, 549.0, 549.0, 549.0, 549.0, 549.0, 549.0, 549.0, 549.0, 549.0, 549.0, 549.0, 549.0, 549.0, 549.0, 549.0, 549.0, 549.0, 549.0, 549.0, 549.0, 549.0, 549.0, 549.0, 549.0, 549.0, 549.0, 549.0, 549.0, 549.0, 549.0, 549.0, 549.0, 549.0, 549.0, 549.0, 549.0, 549.0, 549.0, 549.0, 549.0, 549.0, 549.0, 549.0, 549.0, 549.0, 549.0, 549.0, 549.0, 549.0, 549.0, 549.0, 549.0, 549.0, 549.0, 549.0, 549.0, 549.0, 549.0, 549.0, 549.0, 549.0, 549.0, 549.0, 549.0, 549.0, 549.0, 549.0, 549.0, 549.0, 549.0, 549.0, 549.0, 549.0, 549.0, 549.0, 549.0, 549.0, 549.0, 549.0, 549.0, 549.0, 549.0, 549.0, 549.0, 549.0, 549.0, 549.0, 549.0, 549.0]"
warehouse,3.0,10,CHHM,1.0,505.0,2.5878639220027253,0.0,"[6839.8, 610.0, 554.0, 526.0, 516.0, 506.0, 505.0, 505.0, 505.0, 505.0, 505.0, 505.0, 505.0, 505.0, 505.0, 505.0, 505.0, 505.0, 505.0, 505.0, 505.0, 505.0, 505.0, 505.0, 505.0, 505.0, 505.0, 505.0, 505.0, 505.0, 505.0, 505.0, 505.0, 505.0, 505.0, 505.0, 505.0, 505.0, 505.0, 505.0, 505.0, 505.0, 505.0, 505.0, 505.0, 505.0, 505.0, 505.0, 505.0, 505.0, 505.0, 505.0, 505.0, 505.0, 505.0, 505.0, 505.0, 505.0, 505.0, 505.0, 505.0, 505.0, 505.0, 505.0, 505.0, 505.0, 505.0, 505.0, 505.0, 505.0, 505.0, 505.0, 505.0, 505.0, 505.0, 505.0, 505.0, 505.0, 505.0, 505.0, 505.0, 505.0, 505.0, 505.0, 505.0, 505.0, 505.0, 505.0, 505.0, 505.0, 505.0, 505.0, 505.0, 505.0, 505.0, 505.0, 505.0, 505.0, 505.0, 505.0]"
warehouse,3.0,10,RGCM,1.0,507.0,2.7548830970044946,0.0,"[6839.8, 610.0, 554.0, 554.0, 511.0, 507.0, 507.0, 507.0, 507.0, 507.0, 507.0, 507.0, 507.0, 507.0, 507.0, 507.0, 507.0, 507.0, 507.0, 507.0, 507.0, 507.0, 507.0, 507.0, 507.0, 507.0, 507.0, 507.0, 507.0, 507.0, 507.0, 507.0, 507.0, 507.0, 507.0, 507.0, 507.0, 507.0, 507.0, 507.0, 507.0, 507.0, 507.0, 507.0, 507.0, 507.0, 507.0, 507.0, 507.0, 507.0, 507.0, 507.0, 507.0, 507.0, 507.0, 507.0, 507.0, 507.0, 507.0, 507.0, 507.0, 507.0, 507.0, 507.0, 507.0, 507.0, 507.0, 507.0, 507.0, 507.0, 507.0, 507.0, 507.0, 507.0, 507.0, 507.0, 507.0, 507.0, 507.0, 507.0, 507.0, 507.0, 507.0, 507.0, 507.0, 507.0, 507.0, 507.0, 507.0, 507.0, 507.0, 507.0, 507.0, 507.0, 507.0, 507.0, 507.0, 507.0, 507.0, 507.0]"
warehouse,3.0,25,Base,0.0,126739.0,,24.0,"[190703.2, 190703.2, 190703.2, 190703.2, 145064.40000000002, 143410.00000000003, 126739.0, 126739.0, 126739.0, 126739.0, 126739.0, 126739.0, 126739.0, 126739.0, 126739.0, 126739.0, 126739.0, 126739.0, 126739.0, 126739.0, 126739.0, 126739.0, 126739.0, 126739.0, 126739.0, 126739.0, 126739.0, 126739.0, 126739.0, 126739.0, 126739.0, 126739.0, 126739.0, 126739.0, 126739.0, 126739.0, 126739.0, 126739.0, 126739.0, 126739.0, 126739.0, 126739.0, 126739.0, 126739.0, 126739.0, 126739.0, 126739.0, 126739.0, 126739.0, 126739.0, 126739.0, 126739.0, 126739.0, 126739.0, 126739.0, 126739.0, 126739.0, 126739.0, 126739.0, 126739.0, 126739.0, 126739.0, 126739.0, 126739.0, 126739.0, 126739.0, 126739.0, 126739.0, 126739.0, 126739.0, 126739.0, 126739.0, 126739.0, 126739.0, 126739.0, 126739.0, 126739.0, 126739.0, 126739.0, 126739.0, 126739.0, 126739.0, 126739.0, 126739.0, 126739.0, 126739.0, 126739.0, 126739.0, 126739.0, 126739.0, 126739.0, 126739.0, 126739.0, 126739.0, 126739.0, 126739.0, 126739.0, 126739.0, 126739.0, 126739.0]"
warehouse,3.0,25,CHHM,0.0,142402.0,,25.0,"[190703.2, 190703.2, 190703.2, 190703.2, 145064.40000000002, 143410.00000000003, 142402.0, 142402.0, 142402.0, 142402.0, 142402.0, 142402.0, 142402.0, 142402.0, 142402.0, 142402.0, 142402.0, 142402.0, 142402.0, 142402.0, 142402.0, 142402.0, 142402.0, 142402.0, 142402.0, 142402.0, 142402.0, 142402.0, 142402.0, 142402.0, 142402.0, 142402.0, 142402.0, 142402.0, 142402.0, 142402.0, 142402.0, 142402.0, 142402.0, 142402.0, 142402.0, 142402.0, 142402.0, 142402.0, 142402.0, 142402.0, 142402.0, 142402.0, 142402.0, 142402.0, 142402.0, 142402.0, 142402.0, 142402.0, 142402.0, 142402.0, 142402.0, 142402.0, 142402.0, 142402.0, 142402.0, 142402.0, 142402.0, 142402.0, 142402.0, 142402.0, 142402.0, 142402.0, 142402.0, 142402.0, 142402.0, 142402.0, 142402.0, 142402.0, 142402.0, 142402.0, 142402.0, 142402.0, 142402.0, 142402.0, 142402.0, 142402.0, 142402.0, 142402.0, 142402.0, 142402.0, 142402.0, 142402.0, 142402.0, 142402.0, 142402.0, 142402.0, 142402.0, 142402.0, 142402.0, 142402.0, 142402.0, 142402.0, 142402.0, 142402.0]"
warehouse,3.0,25,RGCM,0.0,106489.0,,20.0,"[190703.2, 190703.2, 190703.2, 190703.2, 145064.40000000002, 145064.40000000002, 106489.00000000001, 106489.00000000001, 106489.00000000001, 106489.00000000001, 106489.00000000001, 106489.00000000001, 106489.00000000001, 106489.00000000001, 106489.00000000001, 106489.00000000001, 106489.00000000001, 106489.00000000001, 106489.00000000001, 106489.00000000001, 106489.00000000001, 106489.00000000001, 106489.00000000001, 106489.00000000001, 106489.00000000001, 106489.00000000001, 106489.00000000001, 106489.00000000001, 106489.00000000001, 106489.00000000001, 106489.00000000001, 106489.00000000001, 106489.00000000001, 106489.00000000001, 106489.00000000001, 106489.00000000001, 106489.00000000001, 106489.00000000001, 106489.00000000001, 106489.00000000001, 106489.00000000001, 106489.00000000001, 106489.00000000001, 106489.00000000001, 106489.00000000001, 106489.00000000001, 106489.00000000001, 106489.00000000001, 106489.00000000001, 106489.00000000001, 106489.00000000001, 106489.00000000001, 106489.00000000001, 106489.00000000001, 106489.00000000001, 106489.00000000001, 106489.00000000001, 106489.00000000001, 106489.00000000001, 106489.00000000001, 106489.00000000001, 106489.00000000001, 106489.00000000001, 106489.00000000001, 106489.00000000001, 106489.00000000001, 106489.00000000001, 106489.00000000001, 106489.00000000001, 106489.00000000001, 106489.00000000001, 106489.00000000001, 106489.00000000001, 106489.00000000001, 106489.00000000001, 106489.00000000001, 106489.00000000001, 106489.00000000001, 106489.00000000001, 106489.00000000001, 106489.00000000001, 106489.00000000001, 106489.00000000001, 106489.00000000001, 106489.00000000001, 106489.00000000001, 106489.00000000001, 106489.00000000001, 106489.00000000001, 106489.00000000001, 106489.00000000001, 106489.00000000001, 106489.00000000001, 106489.00000000001, 106489.00000000001, 106489.00000000001, 106489.00000000001, 106489.00000000001, 106489.00000000001, 106489.00000000001]"
warehouse,3.0,50,Base,0.0,2503989.8000000003,,154.0,"[2552728.9, 2552728.9, 2552728.9, 2552728.9, 2552728.9, 2552728.9, 2503989.8000000003, 2503989.8000000003, 2503989.8000000003, 2503989.8000000003, 2503989.8000000003, 2503989.8000000003, 2503989.8000000003, 2503989.8000000003, 2503989.8000000003, 2503989.8000000003, 2503989.8000000003, 2503989.8000000003, 2503989.8000000003, 2503989.8000000003, 2503989.8000000003, 2503989.8000000003, 2503989.8000000003, 2503989.8000000003, 2503989.8000000003, 2503989.8000000003, 2503989.8000000003, 2503989.8000000003, 2503989.8000000003, 2503989.8000000003, 2503989.8000000003, 2503989.8000000003, 2503989.8000000003, 2503989.8000000003, 2503989.8000000003, 2503989.8000000003, 2503989.8000000003, 2503989.8000000003, 2503989.8000000003, 2503989.8000000003, 2503989.8000000003, 2503989.8000000003, 2503989.8000000003, 2503989.8000000003, 2503989.8000000003, 2503989.8000000003, 2503989.8000000003, 2503989.8000000003, 2503989.8000000003, 2503989.8000000003, 2503989.8000000003, 2503989.8000000003, 2503989.8000000003, 2503989.8000000003, 2503989.8000000003, 2503989.8000000003, 2503989.8000000003, 2503989.8000000003, 2503989.8000000003, 2503989.8000000003, 2503989.8000000003, 2503989.8000000003, 2503989.8000000003, 2503989.8000000003, 2503989.8000000003, 2503989.8000000003, 2503989.8000000003, 2503989.8000000003, 2503989.8000000003, 2503989.8000000003, 2503989.8000000003, 2503989.8000000003, 2503989.8000000003, 2503989.8000000003, 2503989.8000000003, 2503989.8000000003, 2503989.8000000003, 2503989.8000000003, 2503989.8000000003, 2503989.8000000003, 2503989.8000000003, 2503989.8000000003, 2503989.8000000003, 2503989.8000000003, 2503989.8000000003, 2503989.8000000003, 2503989.8000000003, 2503989.8000000003, 2503989.8000000003, 2503989.8000000003, 2503989.8000000003, 2503989.8000000003, 2503989.8000000003, 2503989.8000000003, 2503989.8000000003, 2503989.8000000003, 2503989.8000000003, 2503989.8000000003, 2503989.8000000003, 2503989.8000000003]"
warehouse,3.0,50,CHHM,0.0,2503989.8000000003,,154.0,"[2552728.9, 2552728.9, 2552728.9, 2552728.9, 2552728.9, 2552728.9, 2503989.8000000003, 2503989.8000000003, 2503989.8000000003, 2503989.8000000003, 2503989.8000000003, 2503989.8000000003, 2503989.8000000003, 2503989.8000000003, 2503989.8000000003, 2503989.8000000003, 2503989.8000000003, 2503989.8000000003, 2503989.8000000003, 2503989.8000000003, 2503989.8000000003, 2503989.8000000003, 2503989.8000000003, 2503989.8000000003, 2503989.8000000003, 2503989.8000000003, 2503989.8000000003, 2503989.8000000003, 2503989.8000000003, 2503989.8000000003, 2503989.8000000003, 2503989.8000000003, 2503989.8000000003, 2503989.8000000003, 2503989.8000000003, 2503989.8000000003, 2503989.8000000003, 2503989.8000000003, 2503989.8000000003, 2503989.8000000003, 2503989.8000000003, 2503989.8000000003, 2503989.8000000003, 2503989.8000000003, 2503989.8000000003, 2503989.8000000003, 2503989.8000000003, 2503989.8000000003, 2503989.8000000003, 2503989.8000000003, 2503989.8000000003, 2503989.8000000003, 2503989.8000000003, 2503989.8000000003, 2503989.8000000003, 2503989.8000000003, 2503989.8000000003, 2503989.8000000003, 2503989.8000000003, 2503989.8000000003, 2503989.8000000003, 2503989.8000000003, 2503989.8000000003, 2503989.8000000003, 2503989.8000000003, 2503989.8000000003, 2503989.8000000003, 2503989.8000000003, 2503989.8000000003, 2503989.8000000003, 2503989.8000000003, 2503989.8000000003, 2503989.8000000003, 2503989.8000000003, 2503989.8000000003, 2503989.8000000003, 2503989.8000000003, 2503989.8000000003, 2503989.8000000003, 2503989.8000000003, 2503989.8000000003, 2503989.8000000003, 2503989.8000000003, 2503989.8000000003, 2503989.8000000003, 2503989.8000000003, 2503989.8000000003, 2503989.8000000003, 2503989.8000000003, 2503989.8000000003, 2503989.8000000003, 2503989.8000000003, 2503989.8000000003, 2503989.8000000003, 2503989.8000000003, 2503989.8000000003, 2503989.8000000003, 2503989.8000000003, 2503989.8000000003, 2503989.8000000003]"
warehouse,3.0,50,RGCM,0.0,2422793.3000000003,,149.0,"[2552728.9, 2552728.9, 2552728.9, 2552728.9, 2552728.9, 2552728.9, 2422793.3000000003, 2422793.3000000003, 2422793.3000000003, 2422793.3000000003, 2422793.3000000003, 2422793.3000000003, 2422793.3000000003, 2422793.3000000003, 2422793.3000000003, 2422793.3000000003, 2422793.3000000003, 2422793.3000000003, 2422793.3000000003, 2422793.3000000003, 2422793.3000000003, 2422793.3000000003, 2422793.3000000003, 2422793.3000000003, 2422793.3000000003, 2422793.3000000003, 2422793.3000000003, 2422793.3000000003, 2422793.3000000003, 2422793.3000000003, 2422793.3000000003, 2422793.3000000003, 2422793.3000000003, 2422793.3000000003, 2422793.3000000003, 2422793.3000000003, 2422793.3000000003, 2422793.3000000003, 2422793.3000000003, 2422793.3000000003, 2422793.3000000003, 2422793.3000000003, 2422793.3000000003, 2422793.3000000003, 2422793.3000000003, 2422793.3000000003, 2422793.3000000003, 2422793.3000000003, 2422793.3000000003, 2422793.3000000003, 2422793.3000000003, 2422793.3000000003, 2422793.3000000003, 2422793.3000000003, 2422793.3000000003, 2422793.3000000003, 2422793.3000000003, 2422793.3000000003, 2422793.3000000003, 2422793.3000000003, 2422793.3000000003, 2422793.3000000003, 2422793.3000000003, 2422793.3000000003, 2422793.3000000003, 2422793.3000000003, 2422793.3000000003, 2422793.3000000003, 2422793.3000000003, 2422793.3000000003, 2422793.3000000003, 2422793.3000000003, 2422793.3000000003, 2422793.3000000003, 2422793.3000000003, 2422793.3000000003, 2422793.3000000003, 2422793.3000000003, 2422793.3000000003, 2422793.3000000003, 2422793.3000000003, 2422793.3000000003, 2422793.3000000003, 2422793.3000000003, 2422793.3000000003, 2422793.3000000003, 2422793.3000000003, 2422793.3000000003, 2422793.3000000003, 2422793.3000000003, 2422793.3000000003, 2422793.3000000003, 2422793.3000000003, 2422793.3000000003, 2422793.3000000003, 2422793.3000000003, 2422793.3000000003, 2422793.3000000003, 2422793.3000000003, 2422793.3000000003]"
warehouse,6.0,5,Base,1.0,426.0,1.1389956830098529,0.0,"[3550.7999999999997, 464.0, 449.0, 449.0, 426.0, 426.0, 426.0, 426.0, 426.0, 426.0, 426.0, 426.0, 426.0, 426.0, 426.0, 426.0, 426.0, 426.0, 426.0, 426.0, 426.0, 426.0, 426.0, 426.0, 426.0, 426.0, 426.0, 426.0, 426.0, 426.0, 426.0, 426.0, 426.0, 426.0, 426.0, 426.0, 426.0, 426.0, 426.0, 426.0, 426.0, 426.0, 426.0, 426.0, 426.0, 426.0, 426.0, 426.0, 426.0, 426.0, 426.0, 426.0, 426.0, 426.0, 426.0, 426.0, 426.0, 426.0, 426.0, 426.0, 426.0, 426.0, 426.0, 426.0, 426.0, 426.0, 426.0, 426.0, 426.0, 426.0, 426.0, 426.0, 426.0, 426.0, 426.0, 426.0, 426.0, 426.0, 426.0, 426.0, 426.0, 426.0, 426.0, 426.0, 426.0, 426.0, 426.0, 426.0, 426.0, 426.0, 426.0, 426.0, 426.0, 426.0, 426.0, 426.0, 426.0, 426.0, 426.0, 426.0]"
warehouse,6.0,5,CHHM,1.0,404.0,1.1256428260094251,0.0,"[3550.7999999999997, 464.0, 422.0, 404.0, 404.0, 404.0, 404.0, 404.0, 404.0, 404.0, 404.0, 404.0, 404.0, 404.0, 404.0, 404.0, 404.0, 404.0, 404.0, 404.0, 404.0, 404.0, 404.0, 404.0, 404.0, 404.0, 404.0, 404.0, 404.0, 404.0, 404.0, 404.0, 404.0, 404.0, 404.0, 404.0, 404.0, 404.0, 404.0, 404.0, 404.0, 404.0, 404.0, 404.0, 404.0, 404.0, 404.0, 404.0, 404.0, 404.0, 404.0, 404.0, 404.0, 404.0, 404.0, 404.0, 404.0, 404.0, 404.0, 404.0, 404.0, 404.0, 404.0, 404.0, 404.0, 404.0, 404.0, 404.0, 404.0, 404.0, 404.0, 404.0, 404.0, 404.0, 404.0, 404.0, 404.0, 404.0, 404.0, 404.0, 404.0, 404.0, 404.0, 404.0, 404.0, 404.0, 404.0, 404.0, 404.0, 404.0, 404.0, 404.0, 404.0, 404.0, 404.0, 404.0, 404.0, 404.0, 404.0, 404.0]"
warehouse,6.0,5,RGCM,1.0,402.0,0.9198629550082842,0.0,"[3550.7999999999997, 464.0, 464.0, 420.0, 416.0, 402.0, 402.0, 402.0, 402.0, 402.0, 402.0, 402.0, 402.0, 402.0, 402.0, 402.0, 402.0, 402.0, 402.0, 402.0, 402.0, 402.0, 402.0, 402.0, 402.0, 402.0, 402.0, 402.0, 402.0, 402.0, 402.0, 402.0, 402.0, 402.0, 402.0, 402.0, 402.0, 402.0, 402.0, 402.0, 402.0, 402.0, 402.0, 402.0, 402.0, 402.0, 402.0, 402.0, 402.0, 402.0, 402.0, 402.0, 402.0, 402.0, 402.0, 402.0, 402.0, 402.0, 402.0, 402.0, 402.0, 402.0, 402.0, 402.0, 402.0, 402.0, 402.0, 402.0, 402.0, 402.0, 402.0, 402.0, 402.0, 402.0, 402.0, 402.0, 402.0, 402.0, 402.0, 402.0, 402.0, 402.0, 402.0, 402.0, 402.0, 402.0, 402.0, 402.0, 402.0, 402.0, 402.0, 402.0, 402.0, 402.0, 402.0, 402.0, 402.0, 402.0, 402.0, 402.0]"
warehouse,6.0,10,Base,0.8,992.0,5.82970146000298,1.0,"[19300.399999999998, 18658.8, 3349.7, 3022.6, 1021.0, 1021.0, 992.0, 992.0, 992.0, 992.0, 992.0, 992.0, 992.0, 992.0, 992.0, 992.0, 992.0, 992.0, 992.0, 992.0, 992.0, 992.0, 992.0, 992.0, 992.0, 992.0, 992.0, 992.0, 992.0, 992.0, 992.0, 992.0, 992.0, 992.0, 992.0, 992.0, 992.0, 992.0, 992.0, 992.0, 992.0, 992.0, 992.0, 992.0, 992.0, 992.0, 992.0, 992.0, 992.0, 992.0, 992.0, 992.0, 992.0, 992.0, 992.0, 992.0, 992.0, 992.0, 992.0, 992.0, 992.0, 992.0, 992.0, 992.0, 992.0, 992.0, 992.0, 992.0, 992.0, 992.0, 992.0, 992.0, 992.0, 992.0, 992.0, 992.0, 992.0, 992.0, 992.0, 992.0, 992.0, 992.0, 992.0, 992.0, 992.0, 992.0, 992.0, 992.0, 992.0, 992.0, 992.0, 992.0, 992.0, 992.0, 992.0, 992.0, 992.0, 992.0, 992.0, 992.0]"
warehouse,6.0,10,CHHM,1.0,850.0,6.899821504004649,0.0,"[19300.399999999998, 19300.399999999998, 3415.1, 3156.7999999999997, 947.0, 889.0, 850.0, 850.0, 850.0, 850.0, 850.0, 850.0, 850.0, 850.0, 850.0, 850.0, 850.0, 850.0, 850.0, 850.0, 850.0, 850.0, 850.0, 850.0, 850.0, 850.0, 850.0, 850.0, 850.0, 850.0, 850.0, 850.0, 850.0, 850.0, 850.0, 850.0, 850.0, 850.0, 850.0, 850.0, 850.0, 850.0, 850.0, 850.0, 850.0, 850.0, 850.0, 850.0, 850.0, 850.0, 850.0, 850.0, 850.0, 850.0, 850.0, 850.0, 850.0, 850.0, 850.0, 850.0, 850.0, 850.0, 850.0, 850.0, 850.0, 850.0, 850.0, 850.0, 850.0, 850.0, 850.0, 850.0, 850.0, 850.0, 850.0, 850.0, 850.0, 850.0, 850.0, 850.0, 850.0, 850.0, 850.0, 850.0, 850.0, 850.0, 850.0, 850.0, 850.0, 850.0, 850.0, 850.0, 850.0, 850.0, 850.0, 850.0, 850.0, 850.0, 850.0, 850.0]"
warehouse,6.0,10,RGCM,0.8,889.0,5.771023672496085,1.0,"[19300.399999999998, 18658.8, 3349.7, 2912.6, 928.0, 889.0, 889.0, 889.0, 889.0, 889.0, 889.0, 889.0, 889.0, 889.0, 889.0, 889.0, 889.0, 889.0, 889.0, 889.0, 889.0, 889.0, 889.0, 889.0, 889.0, 889.0, 889.0, 889.0, 889.0, 889.0, 889.0, 889.0, 889.0, 889.0, 889.0, 889.0, 889.0, 889.0, 889.0, 889.0, 889.0, 889.0, 889.0, 889.0, 889.0, 889.0, 889.0, 889.0, 889.0, 889.0, 889.0, 889.0, 889.0, 889.0, 889.0, 889.0, 889.0, 889.0, 889.0, 889.0, 889.0, 889.0, 889.0, 889.0, 889.0, 889.0, 889.0, 889.0, 889.0, 889.0, 889.0, 889.0, 889.0, 889.0, 889.0, 889.0, 889.0, 889.0, 889.0, 889.0, 889.0, 889.0, 889.0, 889.0, 889.0, 889.0, 889.0, 889.0, 889.0, 889.0, 889.0, 889.0, 889.0, 889.0, 889.0, 889.0, 889.0, 889.0, 889.0, 889.0]"
warehouse,6.0,25,Base,0.0,412003.0,,45.0,"[575593.8, 575593.8, 575593.8, 570761.4, 570761.4, 570761.4, 412003.0, 412003.0, 412003.0, 412003.0, 412003.0, 412003.0, 412003.0, 412003.0, 412003.0, 412003.0, 412003.0, 412003.0, 412003.0, 412003.0, 412003.0, 412003.0, 412003.0, 412003.0, 412003.0, 412003.0, 412003.0, 412003.0, 412003.0, 412003.0, 412003.0, 412003.0, 412003.0, 412003.0, 412003.0, 412003.0, 412003.0, 412003.0, 412003.0, 412003.0, 412003.0, 412003.0, 412003.0, 412003.0, 412003.0, 412003.0, 412003.0, 412003.0, 412003.0, 412003.0, 412003.0, 412003.0, 412003.0, 412003.0, 412003.0, 412003.0, 412003.0, 412003.0, 412003.0, 412003.0, 412003.0, 412003.0, 412003.0, 412003.0, 412003.0, 412003.0, 412003.0, 412003.0, 412003.0, 412003.0, 412003.0, 412003.0, 412003.0, 412003.0, 412003.0, 412003.0, 412003.0, 412003.0, 412003.0, 412003.0, 412003.0, 412003.0, 412003.0, 412003.0, 412003.0, 412003.0, 412003.0, 412003.0, 412003.0, 412003.0, 412003.0, 412003.0, 412003.0, 412003.0, 412003.0, 412003.0, 412003.0, 412003.0, 412003.0, 412003.0]"
warehouse,6.0,25,CHHM,0.0,348351.8,,41.0,"[575593.8, 575593.8, 575593.8, 570761.4, 570761.4, 570761.4, 348351.8, 348351.8, 348351.8, 348351.8, 348351.8, 348351.8, 348351.8, 348351.8, 348351.8, 348351.8, 348351.8, 348351.8, 348351.8, 348351.8, 348351.8, 348351.8, 348351.8, 348351.8, 348351.8, 348351.8, 348351.8, 348351.8, 348351.8, 348351.8, 348351.8, 348351.8, 348351.8, 348351.8, 348351.8, 348351.8, 348351.8, 348351.8, 348351.8, 348351.8, 348351.8, 348351.8, 348351.8, 348351.8, 348351.8, 348351.8, 348351.8, 348351.8, 348351.8, 348351.8, 348351.8, 348351.8, 348351.8, 348351.8, 348351.8, 348351.8, 348351.8, 348351.8, 348351.8, 348351.8, 348351.8, 348351.8, 348351.8, 348351.8, 348351.8, 348351.8, 348351.8, 348351.8, 348351.8, 348351.8, 348351.8, 348351.8, 348351.8, 348351.8, 348351.8, 348351.8, 348351.8, 348351.8, 348351.8, 348351.8, 348351.8, 348351.8, 348351.8, 348351.8, 348351.8, 348351.8, 348351.8, 348351.8, 348351.8, 348351.8, 348351.8, 348351.8, 348351.8, 348351.8, 348351.8, 348351.8, 348351.8, 348351.8, 348351.8, 348351.8]"
warehouse,6.0,25,RGCM,0.0,346073.0,,41.0,"[575593.8, 575593.8, 575593.8, 570761.4, 570761.4, 570761.4, 346073.0, 346073.0, 346073.0, 346073.0, 346073.0, 346073.0, 346073.0, 346073.0, 346073.0, 346073.0, 346073.0, 346073.0, 346073.0, 346073.0, 346073.0, 346073.0, 346073.0, 346073.0, 346073.0, 346073.0, 346073.0, 346073.0, 346073.0, 346073.0, 346073.0, 346073.0, 346073.0, 346073.0, 346073.0, 346073.0, 346073.0, 346073.0, 346073.0, 346073.0, 346073.0, 346073.0, 346073.0, 346073.0, 346073.0, 346073.0, 346073.0, 346073.0, 346073.0, 346073.0, 346073.0, 346073.0, 346073.0, 346073.0, 346073.0, 346073.0, 346073.0, 346073.0, 346073.0, 346073.0, 346073.0, 346073.0, 346073.0, 346073.0, 346073.0, 346073.0, 346073.0, 346073.0, 346073.0, 346073.0, 346073.0, 346073.0, 346073.0, 346073.0, 346073.0, 346073.0, 346073.0, 346073.0, 346073.0, 346073.0, 346073.0, 346073.0, 346073.0, 346073.0, 346073.0, 346073.0, 346073.0, 346073.0, 346073.0, 346073.0, 346073.0, 346073.0, 346073.0, 346073.0, 346073.0, 346073.0, 346073.0, 346073.0, 346073.0, 346073.0]"
warehouse,6.0,50,Base,0.0,6690429.2,,243.0,"[7047996.4, 7047996.4, 7047996.4, 7047996.4, 7047996.4, 7047996.4, 6690429.2, 6690429.2, 6690429.2, 6690429.2, 6690429.2, 6690429.2, 6690429.2, 6690429.2, 6690429.2, 6690429.2, 6690429.2, 6690429.2, 6690429.2, 6690429.2, 6690429.2, 6690429.2, 6690429.2, 6690429.2, 6690429.2, 6690429.2, 6690429.2, 6690429.2, 6690429.2, 6690429.2, 6690429.2, 6690429.2, 6690429.2, 6690429.2, 6690429.2, 6690429.2, 6690429.2, 6690429.2, 6690429.2, 6690429.2, 6690429.2, 6690429.2, 6690429.2, 6690429.2, 6690429.2, 6690429.2, 6690429.2, 6690429.2, 6690429.2, 6690429.2, 6690429.2, 6690429.2, 6690429.2, 6690429.2, 6690429.2, 6690429.2, 6690429.2, 6690429.2, 6690429.2, 6690429.2, 6690429.2, 6690429.2, 6690429.2, 6690429.2, 6690429.2, 6690429.2, 6690429.2, 6690429.2, 6690429.2, 6690429.2, 6690429.2, 6690429.2, 6690429.2, 6690429.2, 6690429.2, 6690429.2, 6690429.2, 6690429.2, 6690429.2, 6690429.2, 6690429.2, 6690429.2, 6690429.2, 6690429.2, 6690429.2, 6690429.2, 6690429.2, 6690429.2, 6690429.2, 6690429.2, 6690429.2, 6690429.2, 6690429.2, 6690429.2, 6690429.2, 6690429.2, 6690429.2, 6690429.2, 6690429.2, 6690429.2]"
warehouse,6.0,50,CHHM,0.0,6690429.2,,243.0,"[7047996.4, 7047996.4, 7047996.4, 7047996.4, 7047996.4, 7047996.4, 6690429.2, 6690429.2, 6690429.2, 6690429.2, 6690429.2, 6690429.2, 6690429.2, 6690429.2, 6690429.2, 6690429.2, 6690429.2, 6690429.2, 6690429.2, 6690429.2, 6690429.2, 6690429.2, 6690429.2, 6690429.2, 6690429.2, 6690429.2, 6690429.2, 6690429.2, 6690429.2, 6690429.2, 6690429.2, 6690429.2, 6690429.2, 6690429.2, 6690429.2, 6690429.2, 6690429.2, 6690429.2, 6690429.2, 6690429.2, 6690429.2, 6690429.2, 6690429.2, 6690429.2, 6690429.2, 6690429.2, 6690429.2, 6690429.2, 6690429.2, 6690429.2, 6690429.2, 6690429.2, 6690429.2, 6690429.2, 6690429.2, 6690429.2, 6690429.2, 6690429.2, 6690429.2, 6690429.2, 6690429.2, 6690429.2, 6690429.2, 6690429.2, 6690429.2, 6690429.2, 6690429.2, 6690429.2, 6690429.2, 6690429.2, 6690429.2, 6690429.2, 6690429.2, 6690429.2, 6690429.2, 6690429.2, 6690429.2, 6690429.2, 6690429.2, 6690429.2, 6690429.2, 6690429.2, 6690429.2, 6690429.2, 6690429.2, 6690429.2, 6690429.2, 6690429.2, 6690429.2, 6690429.2, 6690429.2, 6690429.2, 6690429.2, 6690429.2, 6690429.2, 6690429.2, 6690429.2, 6690429.2, 6690429.2, 6690429.2]"
warehouse,6.0,50,RGCM,0.0,6690429.2,,243.0,"[7047996.4, 7047996.4, 7047996.4, 7047996.4, 7047996.4, 7047996.4, 6690429.2, 6690429.2, 6690429.2, 6690429.2, 6690429.2, 6690429.2, 6690429.2, 6690429.2, 6690429.2, 6690429.2, 6690429.2, 6690429.2, 6690429.2, 6690429.2, 6690429.2, 6690429.2, 6690429.2, 6690429.2, 6690429.2, 6690429.2, 6690429.2, 6690429.2, 6690429.2, 6690429.2, 6690429.2, 6690429.2, 6690429.2, 6690429.2, 6690429.2, 6690429.2, 6690429.2, 6690429.2, 6690429.2, 6690429.2, 6690429.2, 6690429.2, 6690429.2, 6690429.2, 6690429.2, 6690429.2, 6690429.2, 6690429.2, 6690429.2, 6690429.2, 6690429.2, 6690429.2, 6690429.2, 6690429.2, 6690429.2, 6690429.2, 6690429.2, 6690429.2, 6690429.2, 6690429.2, 6690429.2, 6690429.2, 6690429.2, 6690429.2, 6690429.2, 6690429.2, 6690429.2, 6690429.2, 6690429.2, 6690429.2, 6690429.2, 6690429.2, 6690429.2, 6690429.2, 6690429.2, 6690429.2, 6690429.2, 6690429.2, 6690429.2, 6690429.2, 6690429.2, 6690429.2, 6690429.2, 6690429.2, 6690429.2, 6690429.2, 6690429.2, 6690429.2, 6690429.2, 6690429.2, 6690429.2, 6690429.2, 6690429.2, 6690429.2, 6690429.2, 6690429.2, 6690429.2, 6690429.2, 6690429.2, 6690429.2]"
warehouse,9.0,5,Base,1.0,587.0,2.6776357929920778,0.0,"[4573.6, 1834.2, 637.0, 637.0, 627.0, 587.0, 587.0, 587.0, 587.0, 587.0, 587.0, 587.0, 587.0, 587.0, 587.0, 587.0, 587.0, 587.0, 587.0, 587.0, 587.0, 587.0, 587.0, 587.0, 587.0, 587.0, 587.0, 587.0, 587.0, 587.0, 587.0, 587.0, 587.0, 587.0, 587.0, 587.0, 587.0, 587.0, 587.0, 587.0, 587.0, 587.0, 587.0, 587.0, 587.0, 587.0, 587.0, 587.0, 587.0, 587.0, 587.0, 587.0, 587.0, 587.0, 587.0, 587.0, 587.0, 587.0, 587.0, 587.0, 587.0, 587.0, 587.0, 587.0, 587.0, 587.0, 587.0, 587.0, 587.0, 587.0, 587.0, 587.0, 587.0, 587.0, 587.0, 587.0, 587.0, 587.0, 587.0, 587.0, 587.0, 587.0, 587.0, 587.0, 587.0, 587.0, 587.0, 587.0, 587.0, 587.0, 587.0, 587.0, 587.0, 587.0, 587.0, 587.0, 587.0, 587.0, 587.0, 587.0]"
warehouse,9.0,5,CHHM,1.0,506.0,2.083680966999964,0.0,"[4573.6, 1834.2, 566.0, 536.0, 536.0, 506.0, 506.0, 506.0, 506.0, 506.0, 506.0, 506.0, 506.0, 506.0, 506.0, 506.0, 506.0, 506.0, 506.0, 506.0, 506.0, 506.0, 506.0, 506.0, 506.0, 506.0, 506.0, 506.0, 506.0, 506.0, 506.0, 506.0, 506.0, 506.0, 506.0, 506.0, 506.0, 506.0, 506.0, 506.0, 506.0, 506.0, 506.0, 506.0, 506.0, 506.0, 506.0, 506.0, 506.0, 506.0, 506.0, 506.0, 506.0, 506.0, 506.0, 506.0, 506.0, 506.0, 506.0, 506.0, 506.0, 506.0, 506.0, 506.0, 506.0, 506.0, 506.0, 506.0, 506.0, 506.0, 506.0, 506.0, 506.0, 506.0, 506.0, 506.0, 506.0, 506.0, 506.0, 506.0, 506.0, 506.0, 506.0, 506.0, 506.0, 506.0, 506.0, 506.0, 506.0, 506.0, 506.0, 506.0, 506.0, 506.0, 506.0, 506.0, 506.0, 506.0, 506.0, 506.0]"
warehouse,9.0,5,RGCM,1.0,536.0,1.9988296330120647,0.0,"[4573.6, 826.0, 593.0, 564.0, 536.0, 536.0, 536.0, 536.0, 536.0, 536.0, 536.0, 536.0, 536.0, 536.0, 536.0, 536.0, 536.0, 536.0, 536.0, 536.0, 536.0, 536.0, 536.0, 536.0, 536.0, 536.0, 536.0, 536.0, 536.0, 536.0, 536.0, 536.0, 536.0, 536.0, 536.0, 536.0, 536.0, 536.0, 536.0, 536.0, 536.0, 536.0, 536.0, 536.0, 536.0, 536.0, 536.0, 536.0, 536.0, 536.0, 536.0, 536.0, 536.0, 536.0, 536.0, 536.0, 536.0, 536.0, 536.0, 536.0, 536.0, 536.0, 536.0, 536.0, 536.0, 536.0, 536.0, 536.0, 536.0, 536.0, 536.0, 536.0, 536.0, 536.0, 536.0, 536.0, 536.0, 536.0, 536.0, 536.0, 536.0, 536.0, 536.0, 536.0, 536.0, 536.0, 536.0, 536.0, 536.0, 536.0, 536.0, 536.0, 536.0, 536.0, 536.0, 536.0, 536.0, 536.0, 536.0, 536.0]"
warehouse,9.0,10,Base,0.0,7040.4,,2.0,"[42658.0, 36122.2, 18604.6, 16318.0, 7050.2, 7040.4, 7040.4, 7040.4, 7040.4, 7040.4, 7040.4, 7040.4, 7040.4, 7040.4, 7040.4, 7040.4, 7040.4, 7040.4, 7040.4, 7040.4, 7040.4, 7040.4, 7040.4, 7040.4, 7040.4, 7040.4, 7040.4, 7040.4, 7040.4, 7040.4, 7040.4, 7040.4, 7040.4, 7040.4, 7040.4, 7040.4, 7040.4, 7040.4, 7040.4, 7040.4, 7040.4, 7040.4, 7040.4, 7040.4, 7040.4, 7040.4, 7040.4, 7040.4, 7040.4, 7040.4, 7040.4, 7040.4, 7040.4, 7040.4, 7040.4, 7040.4, 7040.4, 7040.4, 7040.4, 7040.4, 7040.4, 7040.4, 7040.4, 7040.4, 7040.4, 7040.4, 7040.4, 7040.4, 7040.4, 7040.4, 7040.4, 7040.4, 7040.4, 7040.4, 7040.4, 7040.4, 7040.4, 7040.4, 7040.4, 7040.4, 7040.4, 7040.4, 7040.4, 7040.4, 7040.4, 7040.4, 7040.4, 7040.4, 7040.4, 7040.4, 7040.4, 7040.4, 7040.4, 7040.4, 7040.4, 7040.4, 7040.4, 7040.4, 7040.4, 7040.4]"
warehouse,9.0,10,CHHM,0.4,7040.4,7.397140431501612,2.0,"[42658.0, 36122.2, 31263.0, 16318.0, 7682.0, 7040.4, 7040.4, 7040.4, 7040.4, 7040.4, 7040.4, 7040.4, 7040.4, 7040.4, 7040.4, 7040.4, 7040.4, 7040.4, 7040.4, 7040.4, 7040.4, 7040.4, 7040.4, 7040.4, 7040.4, 7040.4, 7040.4, 7040.4, 7040.4, 7040.4, 7040.4, 7040.4, 7040.4, 7040.4, 7040.4, 7040.4, 7040.4, 7040.4, 7040.4, 7040.4, 7040.4, 7040.4, 7040.4, 7040.4, 7040.4, 7040.4, 7040.4, 7040.4, 7040.4, 7040.4, 7040.4, 7040.4, 7040.4, 7040.4, 7040.4, 7040.4, 7040.4, 7040.4, 7040.4, 7040.4, 7040.4, 7040.4, 7040.4, 7040.4, 7040.4, 7040.4, 7040.4, 7040.4, 7040.4, 7040.4, 7040.4, 7040.4, 7040.4, 7040.4, 7040.4, 7040.4, 7040.4, 7040.4, 7040.4, 7040.4, 7040.4, 7040.4, 7040.4, 7040.4, 7040.4, 7040.4, 7040.4, 7040.4, 7040.4, 7040.4, 7040.4, 7040.4, 7040.4, 7040.4, 7040.4, 7040.4, 7040.4, 7040.4, 7040.4, 7040.4]"
warehouse,9.0,10,RGCM,0.2,4277.4,7.8693658500124,1.5,"[42658.0, 36122.2, 31263.0, 16318.0, 16318.0, 7040.4, 4277.4, 4277.4, 4277.4, 4277.4, 4277.4, 4277.4, 4277.4, 4277.4, 4277.4, 4277.4, 4277.4, 4277.4, 4277.4, 4277.4, 4277.4, 4277.4, 4277.4, 4277.4, 4277.4, 4277.4, 4277.4, 4277.4, 4277.4, 4277.4, 4277.4, 4277.4, 4277.4, 4277.4, 4277.4, 4277.4, 4277.4, 4277.4, 4277.4, 4277.4, 4277.4, 4277.4, 4277.4, 4277.4, 4277.4, 4277.4, 4277.4, 4277.4, 4277.4, 4277.4, 4277.4, 4277.4, 4277.4, 4277.4, 4277.4, 4277.4, 4277.4, 4277.4, 4277.4, 4277.4, 4277.4, 4277.4, 4277.4, 4277.4, 4277.4, 4277.4, 4277.4, 4277.4, 4277.4, 4277.4, 4277.4, 4277.4, 4277.4, 4277.4, 4277.4, 4277.4, 4277.4, 4277.4, 4277.4, 4277.4, 4277.4, 4277.4, 4277.4, 4277.4, 4277.4, 4277.4, 4277.4, 4277.4, 4277.4, 4277.4, 4277.4, 4277.4, 4277.4, 4277.4, 4277.4, 4277.4, 4277.4, 4277.4, 4277.4, 4277.4]"
warehouse,9.0,25,Base,0.0,949064.0,,86.0,"[1102974.0, 1102974.0, 1102974.0, 1102974.0, 1102974.0, 1068235.0000000002, 949064.0, 949064.0, 949064.0, 949064.0, 949064.0, 949064.0, 949064.0, 949064.0, 949064.0, 949064.0, 949064.0, 949064.0, 949064.0, 949064.0, 949064.0, 949064.0, 949064.0, 949064.0, 949064.0, 949064.0, 949064.0, 949064.0, 949064.0, 949064.0, 949064.0, 949064.0, 949064.0, 949064.0, 949064.0, 949064.0, 949064.0, 949064.0, 949064.0, 949064.0, 949064.0, 949064.0, 949064.0, 949064.0, 949064.0, 949064.0, 949064.0, 949064.0, 949064.0, 949064.0, 949064.0, 949064.0, 949064.0, 949064.0, 949064.0, 949064.0, 949064.0, 949064.0, 949064.0, 949064.0, 949064.0, 949064.0, 949064.0, 949064.0, 949064.0, 949064.0, 949064.0, 949064.0, 949064.0, 949064.0, 949064.0, 949064.0, 949064.0, 949064.0, 949064.0, 949064.0, 949064.0, 949064.0, 949064.0, 949064.0, 949064.0, 949064.0, 949064.0, 949064.0, 949064.0, 949064.0, 949064.0, 949064.0, 949064.0, 949064.0, 949064.0, 949064.0, 949064.0, 949064.0, 949064.0, 949064.0, 949064.0, 949064.0, 949064.0, 949064.0]"
warehouse,9.0,25,CHHM,0.0,1040813.8,,93.0,"[1102974.0, 1102974.0, 1102974.0, 1102974.0, 1102974.0, 1102974.0, 1040813.8, 1040813.8, 1040813.8, 1040813.8, 1040813.8, 1040813.8, 1040813.8, 1040813.8, 1040813.8, 1040813.8, 1040813.8, 1040813.8, 1040813.8, 1040813.8, 1040813.8, 1040813.8, 1040813.8, 1040813.8, 1040813.8, 1040813.8, 1040813.8, 1040813.8, 1040813.8, 1040813.8, 1040813.8, 1040813.8, 1040813.8, 1040813.8, 1040813.8, 1040813.8, 1040813.8, 1040813.8, 1040813.8, 1040813.8, 1040813.8, 1040813.8, 1040813.8, 1040813.8, 1040813.8, 1040813.8, 1040813.8, 1040813.8, 1040813.8, 1040813.8, 1040813.8, 1040813.8, 1040813.8, 1040813.8, 1040813.8, 1040813.8, 1040813.8, 1040813.8, 1040813.8, 1040813.8, 1040813.8, 1040813.8, 1040813.8, 1040813.8, 1040813.8, 1040813.8, 1040813.8, 1040813.8, 1040813.8, 1040813.8, 1040813.8, 1040813.8, 1040813.8, 1040813.8, 1040813.8, 1040813.8, 1040813.8, 1040813.8, 1040813.8, 1040813.8, 1040813.8, 1040813.8, 1040813.8, 1040813.8, 1040813.8, 1040813.8, 1040813.8, 1040813.8, 1040813.8, 1040813.8, 1040813.8, 1040813.8, 1040813.8, 1040813.8, 1040813.8, 1040813.8, 1040813.8, 1040813.8, 1040813.8, 1040813.8]"
warehouse,9.0,25,RGCM,0.0,1040817.8,,93.0,"[1102974.0, 1102974.0, 1102974.0, 1102974.0, 1102974.0, 1102974.0, 1040817.8, 1040817.8, 1040817.8, 1040817.8, 1040817.8, 1040817.8, 1040817.8, 1040817.8, 1040817.8, 1040817.8, 1040817.8, 1040817.8, 1040817.8, 1040817.8, 1040817.8, 1040817.8, 1040817.8, 1040817.8, 1040817.8, 1040817.8, 1040817.8, 1040817.8, 1040817.8, 1040817.8, 1040817.8, 1040817.8, 1040817.8, 1040817.8, 1040817.8, 1040817.8, 1040817.8, 1040817.8, 1040817.8, 1040817.8, 1040817.8, 1040817.8, 1040817.8, 1040817.8, 1040817.8, 1040817.8, 1040817.8, 1040817.8, 1040817.8, 1040817.8, 1040817.8, 1040817.8, 1040817.8, 1040817.8, 1040817.8, 1040817.8, 1040817.8, 1040817.8, 1040817.8, 1040817.8, 1040817.8, 1040817.8, 1040817.8, 1040817.8, 1040817.8, 1040817.8, 1040817.8, 1040817.8, 1040817.8, 1040817.8, 1040817.8, 1040817.8, 1040817.8, 1040817.8, 1040817.8, 1040817.8, 1040817.8, 1040817.8, 1040817.8, 1040817.8, 1040817.8, 1040817.8, 1040817.8, 1040817.8, 1040817.8, 1040817.8, 1040817.8, 1040817.8, 1040817.8, 1040817.8, 1040817.8, 1040817.8, 1040817.8, 1040817.8, 1040817.8, 1040817.8, 1040817.8, 1040817.8, 1040817.8, 1040817.8]"
warehouse,9.0,50,Base,0.0,11973552.6,,334.0,"[12179889.600000001, 12179889.600000001, 12179889.600000001, 12179889.600000001, 12179889.600000001, 12179889.600000001, 11973552.6, 11973552.6, 11973552.6, 11973552.6, 11973552.6, 11973552.6, 11973552.6, 11973552.6, 11973552.6, 11973552.6, 11973552.6, 11973552.6, 11973552.6, 11973552.6, 11973552.6, 11973552.6, 11973552.6, 11973552.6, 11973552.6, 11973552.6, 11973552.6, 11973552.6, 11973552.6, 11973552.6, 11973552.6, 11973552.6, 11973552.6, 11973552.6, 11973552.6, 11973552.6, 11973552.6, 11973552.6, 11973552.6, 11973552.6, 11973552.6, 11973552.6, 11973552.6, 11973552.6, 11973552.6, 11973552.6, 11973552.6, 11973552.6, 11973552.6, 11973552.6, 11973552.6, 11973552.6, 11973552.6, 11973552.6, 11973552.6, 11973552.6, 11973552.6, 11973552.6, 11973552.6, 11973552.6, 11973552.6, 11973552.6, 11973552.6, 11973552.6, 11973552.6, 11973552.6, 11973552.6, 11973552.6, 11973552.6, 11973552.6, 11973552.6, 11973552.6, 11973552.6, 11973552.6, 11973552.6, 11973552.6, 11973552.6, 11973552.6, 11973552.6, 11973552.6, 11973552.6, 11973552.6, 11973552.6, 11973552.6, 11973552.6, 11973552.6, 11973552.6, 11973552.6, 11973552.6, 11973552.6, 11973552.6, 11973552.6, 11973552.6, 11973552.6, 11973552.6, 11973552.6, 11973552.6, 11973552.6, 11973552.6, 11973552.6]"
warehouse,9.0,50,CHHM,0.0,11973552.6,,334.0,"[12179889.600000001, 12179889.600000001, 12179889.600000001, 12179889.600000001, 12179889.600000001, 12179889.600000001, 11973552.6, 11973552.6, 11973552.6, 11973552.6, 11973552.6, 11973552.6, 11973552.6, 11973552.6, 11973552.6, 11973552.6, 11973552.6, 11973552.6, 11973552.6, 11973552.6, 11973552.6, 11973552.6, 11973552.6, 11973552.6, 11973552.6, 11973552.6, 11973552.6, 11973552.6, 11973552.6, 11973552.6, 11973552.6, 11973552.6, 11973552.6, 11973552.6, 11973552.6, 11973552.6, 11973552.6, 11973552.6, 11973552.6, 11973552.6, 11973552.6, 11973552.6, 11973552.6, 11973552.6, 11973552.6, 11973552.6, 11973552.6, 11973552.6, 11973552.6, 11973552.6, 11973552.6, 11973552.6, 11973552.6, 11973552.6, 11973552.6, 11973552.6, 11973552.6, 11973552.6, 11973552.6, 11973552.6, 11973552.6, 11973552.6, 11973552.6, 11973552.6, 11973552.6, 11973552.6, 11973552.6, 11973552.6, 11973552.6, 11973552.6, 11973552.6, 11973552.6, 11973552.6, 11973552.6, 11973552.6, 11973552.6, 11973552.6, 11973552.6, 11973552.6, 11973552.6, 11973552.6, 11973552.6, 11973552.6, 11973552.6, 11973552.6, 11973552.6, 11973552.6, 11973552.6, 11973552.6, 11973552.6, 11973552.6, 11973552.6, 11973552.6, 11973552.6, 11973552.6, 11973552.6, 11973552.6, 11973552.6, 11973552.6, 11973552.6]"
warehouse,9.0,50,RGCM,0.0,11973552.6,,334.0,"[12179889.600000001, 12179889.600000001, 12179889.600000001, 12179889.600000001, 12179889.600000001, 12179889.600000001, 11973552.6, 11973552.6, 11973552.6, 11973552.6, 11973552.6, 11973552.6, 11973552.6, 11973552.6, 11973552.6, 11973552.6, 11973552.6, 11973552.6, 11973552.6, 11973552.6, 11973552.6, 11973552.6, 11973552.6, 11973552.6, 11973552.6, 11973552.6, 11973552.6, 11973552.6, 11973552.6, 11973552.6, 11973552.6, 11973552.6, 11973552.6, 11973552.6, 11973552.6, 11973552.6, 11973552.6, 11973552.6, 11973552.6, 11973552.6, 11973552.6, 11973552.6, 11973552.6, 11973552.6, 11973552.6, 11973552.6, 11973552.6, 11973552.6, 11973552.6, 11973552.6, 11973552.6, 11973552.6, 11973552.6, 11973552.6, 11973552.6, 11973552.6, 11973552.6, 11973552.6, 11973552.6, 11973552.6, 11973552.6, 11973552.6, 11973552.6, 11973552.6, 11973552.6, 11973552.6, 11973552.6, 11973552.6, 11973552.6, 11973552.6, 11973552.6, 11973552.6, 11973552.6, 11973552.6, 11973552.6, 11973552.6, 11973552.6, 11973552.6, 11973552.6, 11973552.6, 11973552.6, 11973552.6, 11973552.6, 11973552.6, 11973552.6, 11973552.6, 11973552.6, 11973552.6, 11973552.6, 11973552.6, 11973552.6, 11973552.6, 11973552.6, 11973552.6, 11973552.6, 11973552.6, 11973552.6, 11973552.6, 11973552.6, 11973552.6]"
warehouse,12.0,5,Base,1.0,739.0,3.0796626890078187,0.0,"[2860.8, 2485.8, 741.0, 741.0, 739.0, 739.0, 739.0, 739.0, 739.0, 739.0, 739.0, 739.0, 739.0, 739.0, 739.0, 739.0, 739.0, 739.0, 739.0, 739.0, 739.0, 739.0, 739.0, 739.0, 739.0, 739.0, 739.0, 739.0, 739.0, 739.0, 739.0, 739.0, 739.0, 739.0, 739.0, 739.0, 739.0, 739.0, 739.0, 739.0, 739.0, 739.0, 739.0, 739.0, 739.0, 739.0, 739.0, 739.0, 739.0, 739.0, 739.0, 739.0, 739.0, 739.0, 739.0, 739.0, 739.0, 739.0, 739.0, 739.0, 739.0, 739.0, 739.0, 739.0, 739.0, 739.0, 739.0, 739.0, 739.0, 739.0, 739.0, 739.0, 739.0, 739.0, 739.0, 739.0, 739.0, 739.0, 739.0, 739.0, 739.0, 739.0, 739.0, 739.0, 739.0, 739.0, 739.0, 739.0, 739.0, 739.0, 739.0, 739.0, 739.0, 739.0, 739.0, 739.0, 739.0, 739.0, 739.0, 739.0]"
warehouse,12.0,5,CHHM,1.0,599.0,3.016247694002232,0.0,"[2860.8, 2485.8, 739.0, 739.0, 599.0, 599.0, 599.0, 599.0, 599.0, 599.0, 599.0, 599.0, 599.0, 599.0, 599.0, 599.0, 599.0, 599.0, 599.0, 599.0, 599.0, 599.0, 599.0, 599.0, 599.0, 599.0, 599.0, 599.0, 599.0, 599.0, 599.0, 599.0, 599.0, 599.0, 599.0, 599.0, 599.0, 599.0, 599.0, 599.0, 599.0, 599.0, 599.0, 599.0, 599.0, 599.0, 599.0, 599.0, 599.0, 599.0, 599.0, 599.0, 599.0, 599.0, 599.0, 599.0, 599.0, 599.0, 599.0, 599.0, 599.0, 599.0, 599.0, 599.0, 599.0, 599.0, 599.0, 599.0, 599.0, 599.0, 599.0, 599.0, 599.0, 599.0, 599.0, 599.0, 599.0, 599.0, 599.0, 599.0, 599.0, 599.0, 599.0, 599.0, 599.0, 599.0, 599.0, 599.0, 599.0, 599.0, 599.0, 599.0, 599.0, 599.0, 599.0, 599.0, 599.0, 599.0, 599.0, 599.0]"
warehouse,12.0,5,RGCM,1.0,605.0,2.411503151000943,0.0,"[2860.8, 2485.8, 739.0, 641.0, 606.0, 605.0, 605.0, 605.0, 605.0, 605.0, 605.0, 605.0, 605.0, 605.0, 605.0, 605.0, 605.0, 605.0, 605.0, 605.0, 605.0, 605.0, 605.0, 605.0, 605.0, 605.0, 605.0, 605.0, 605.0, 605.0, 605.0, 605.0, 605.0, 605.0, 605.0, 605.0, 605.0, 605.0, 605.0, 605.0, 605.0, 605.0, 605.0, 605.0, 605.0, 605.0, 605.0, 605.0, 605.0, 605.0, 605.0, 605.0, 605.0, 605.0, 605.0, 605.0, 605.0, 605.0, 605.0, 605.0, 605.0, 605.0, 605.0, 605.0, 605.0, 605.0, 605.0, 605.0, 605.0, 605.0, 605.0, 605.0, 605.0, 605.0, 605.0, 605.0, 605.0, 605.0, 605.0, 605.0, 605.0, 605.0, 605.0, 605.0, 605.0, 605.0, 605.0, 605.0, 605.0, 605.0, 605.0, 605.0, 605.0, 605.0, 605.0, 605.0, 605.0, 605.0, 605.0, 605.0]"
warehouse,12.0,10,Base,0.0,19074.0,,5.0,"[61252.0, 61252.0, 50873.0, 50873.0, 19074.0, 19074.0, 19074.0, 19074.0, 19074.0, 19074.0, 19074.0, 19074.0, 19074.0, 19074.0, 19074.0, 19074.0, 19074.0, 19074.0, 19074.0, 19074.0, 19074.0, 19074.0, 19074.0, 19074.0, 19074.0, 19074.0, 19074.0, 19074.0, 19074.0, 19074.0, 19074.0, 19074.0, 19074.0, 19074.0, 19074.0, 19074.0, 19074.0, 19074.0, 19074.0, 19074.0, 19074.0, 19074.0, 19074.0, 19074.0, 19074.0, 19074.0, 19074.0, 19074.0, 19074.0, 19074.0, 19074.0, 19074.0, 19074.0, 19074.0, 19074.0, 19074.0, 19074.0, 19074.0, 19074.0, 19074.0, 19074.0, 19074.0, 19074.0, 19074.0, 19074.0, 19074.0, 19074.0, 19074.0, 19074.0, 19074.0, 19074.0, 19074.0, 19074.0, 19074.0, 19074.0, 19074.0, 19074.0, 19074.0, 19074.0, 19074.0, 19074.0, 19074.0, 19074.0, 19074.0, 19074.0, 19074.0, 19074.0, 19074.0, 19074.0, 19074.0, 19074.0, 19074.0, 19074.0, 19074.0, 19074.0, 19074.0, 19074.0, 19074.0, 19074.0, 19074.0]"
warehouse,12.0,10,CHHM,0.4,5422.4,9.673635924998962,3.0,"[61252.0, 61252.0, 50873.0, 40978.2, 9153.4, 9153.4, 5422.4, 5422.4, 5422.4, 5422.4, 5422.4, 5422.4, 5422.4, 5422.4, 5422.4, 5422.4, 5422.4, 5422.4, 5422.4, 5422.4, 5422.4, 5422.4, 5422.4, 5422.4, 5422.4, 5422.4, 5422.4, 5422.4, 5422.4, 5422.4, 5422.4, 5422.4, 5422.4, 5422.4, 5422.4, 5422.4, 5422.4, 5422.4, 5422.4, 5422.4, 5422.4, 5422.4, 5422.4, 5422.4, 5422.4, 5422.4, 5422.4, 5422.4, 5422.4, 5422.4, 5422.4, 5422.4, 5422.4, 5422.4, 5422.4, 5422.4, 5422.4, 5422.4, 5422.4, 5422.4, 5422.4, 5422.4, 5422.4, 5422.4, 5422.4, 5422.4, 5422.4, 5422.4, 5422.4, 5422.4, 5422.4, 5422.4, 5422.4, 5422.4, 5422.4, 5422.4, 5422.4, 5422.4, 5422.4, 5422.4, 5422.4, 5422.4, 5422.4, 5422.4, 5422.4, 5422.4, 5422.4, 5422.4, 5422.4, 5422.4, 5422.4, 5422.4, 5422.4, 5422.4, 5422.4, 5422.4, 5422.4, 5422.4, 5422.4, 5422.4]"
warehouse,12.0,10,RGCM,0.0,12390.2,,3.0,"[61252.0, 55229.0, 50873.0, 46796.0, 16137.8, 12390.2, 12390.2, 12390.2, 12390.2, 12390.2, 12390.2, 12390.2, 12390.2, 12390.2, 12390.2, 12390.2, 12390.2, 12390.2, 12390.2, 12390.2, 12390.2, 12390.2, 12390.2, 12390.2, 12390.2, 12390.2, 12390.2, 12390.2, 12390.2, 12390.2, 12390.2, 12390.2, 12390.2, 12390.2, 12390.2, 12390.2, 12390.2, 12390.2, 12390.2, 12390.2, 12390.2, 12390.2, 12390.2, 12390.2, 12390.2, 12390.2, 12390.2, 12390.2, 12390.2, 12390.2, 12390.2, 12390.2, 12390.2, 12390.2, 12390.2, 12390.2, 12390.2, 12390.2, 12390.2, 12390.2, 12390.2, 12390.2, 12390.2, 12390.2, 12390.2, 12390.2, 12390.2, 12390.2, 12390.2, 12390.2, 12390.2, 12390.2, 12390.2, 12390.2, 12390.2, 12390.2, 12390.2, 12390.2, 12390.2, 12390.2, 12390.2, 12390.2, 12390.2, 12390.2, 12390.2, 12390.2, 12390.2, 12390.2, 12390.2, 12390.2, 12390.2, 12390.2, 12390.2, 12390.2, 12390.2, 12390.2, 12390.2, 12390.2, 12390.2, 12390.2]"
warehouse,12.0,25,Base,0.0,1658714.0000000002,,131.0,"[1774496.0000000002, 1774496.0000000002, 1774496.0000000002, 1774496.0000000002, 1658714.0000000002, 1658714.0000000002, 1658714.0000000002, 1658714.0000000002, 1658714.0000000002, 1658714.0000000002, 1658714.0000000002, 1658714.0000000002, 1658714.0000000002, 1658714.0000000002, 1658714.0000000002, 1658714.0000000002, 1658714.0000000002, 1658714.0000000002, 1658714.0000000002, 1658714.0000000002, 1658714.0000000002, 1658714.0000000002, 1658714.0000000002, 1658714.0000000002, 1658714.0000000002, 1658714.0000000002, 1658714.0000000002, 1658714.0000000002, 1658714.0000000002, 1658714.0000000002, 1658714.0000000002, 1658714.0000000002, 1658714.0000000002, 1658714.0000000002, 1658714.0000000002, 1658714.0000000002, 1658714.0000000002, 1658714.0000000002, 1658714.0000000002, 1658714.0000000002, 1658714.0000000002, 1658714.0000000002, 1658714.0000000002, 1658714.0000000002, 1658714.0000000002, 1658714.0000000002, 1658714.0000000002, 1658714.0000000002, 1658714.0000000002, 1658714.0000000002, 1658714.0000000002, 1658714.0000000002, 1658714.0000000002, 1658714.0000000002, 1658714.0000000002, 1658714.0000000002, 1658714.0000000002, 1658714.0000000002, 1658714.0000000002, 1658714.0000000002, 1658714.0000000002, 1658714.0000000002, 1658714.0000000002, 1658714.0000000002, 1658714.0000000002, 1658714.0000000002, 1658714.0000000002, 1658714.0000000002, 1658714.0000000002, 1658714.0000000002, 1658714.0000000002, 1658714.0000000002, 1658714.0000000002, 1658714.0000000002, 1658714.0000000002, 1658714.0000000002, 1658714.0000000002, 1658714.0000000002, 1658714.0000000002, 1658714.0000000002, 1658714.0000000002, 1658714.0000000002, 1658714.0000000002, 1658714.0000000002, 1658714.0000000002, 1658714.0000000002, 1658714.0000000002, 1658714.0000000002, 1658714.0000000002, 1658714.0000000002, 1658714.0000000002, 1658714.0000000002, 1658714.0000000002, 1658714.0000000002, 1658714.0000000002, 1658714.0000000002, 1658714.0000000002, 1658714.0000000002, 1658714.0000000002, 1658714.0000000002]"
warehouse,12.0,25,CHHM,0.0,1658714.0000000002,,131.0,"[1774496.0000000002, 1774496.0000000002, 1774496.0000000002, 1774496.0000000002, 1774496.0000000002, 1774496.0000000002, 1658714.0000000002, 1658714.0000000002, 1658714.0000000002, 1658714.0000000002, 1658714.0000000002, 1658714.0000000002, 1658714.0000000002, 1658714.0000000002, 1658714.0000000002, 1658714.0000000002, 1658714.0000000002, 1658714.0000000002, 1658714.0000000002, 1658714.0000000002, 1658714.0000000002, 1658714.0000000002, 1658714.0000000002, 1658714.0000000002, 1658714.0000000002, 1658714.0000000002, 1658714.0000000002, 1658714.0000000002, 1658714.0000000002, 1658714.0000000002, 1658714.0000000002, 1658714.0000000002, 1658714.0000000002, 1658714.0000000002, 1658714.0000000002, 1658714.0000000002, 1658714.0000000002, 1658714.0000000002, 1658714.0000000002, 1658714.0000000002, 1658714.0000000002, 1658714.0000000002, 1658714.0000000002, 1658714.0000000002, 1658714.0000000002, 1658714.0000000002, 1658714.0000000002, 1658714.0000000002, 1658714.0000000002, 1658714.0000000002, 1658714.0000000002, 1658714.0000000002, 1658714.0000000002, 1658714.0000000002, 1658714.0000000002, 1658714.0000000002, 1658714.0000000002, 1658714.0000000002, 1658714.0000000002, 1658714.0000000002, 1658714.0000000002, 1658714.0000000002, 1658714.0000000002, 1658714.0000000002, 1658714.0000000002, 1658714.0000000002, 1658714.0000000002, 1658714.0000000002, 1658714.0000000002, 1658714.0000000002, 1658714.0000000002, 1658714.0000000002, 1658714.0000000002, 1658714.0000000002, 1658714.0000000002, 1658714.0000000002, 1658714.0000000002, 1658714.0000000002, 1658714.0000000002, 1658714.0000000002, 1658714.0000000002, 1658714.0000000002, 1658714.0000000002, 1658714.0000000002, 1658714.0000000002, 1658714.0000000002, 1658714.0000000002, 1658714.0000000002, 1658714.0000000002, 1658714.0000000002, 1658714.0000000002, 1658714.0000000002, 1658714.0000000002, 1658714.0000000002, 1658714.0000000002, 1658714.0000000002, 1658714.0000000002, 1658714.0000000002, 1658714.0000000002, 1658714.0000000002]"
warehouse,12.0,25,RGCM,0.0,1658714.0000000002,,131.0,"[1774496.0000000002, 1774496.0000000002, 1774496.0000000002, 1774496.0000000002, 1746925.0000000002, 1658714.0000000002, 1658714.0000000002, 1658714.0000000002, 1658714.0000000002, 1658714.0000000002, 1658714.0000000002, 1658714.0000000002, 1658714.0000000002, 1658714.0000000002, 1658714.0000000002, 1658714.0000000002, 1658714.0000000002, 1658714.0000000002, 1658714.0000000002, 1658714.0000000002, 1658714.0000000002, 1658714.0000000002, 1658714.0000000002, 1658714.0000000002, 1658714.0000000002, 1658714.0000000002, 1658714.0000000002, 1658714.0000000002, 1658714.0000000002, 1658714.0000000002, 1658714.0000000002, 1658714.0000000002, 1658714.0000000002, 1658714.0000000002, 1658714.0000000002, 1658714.0000000002, 1658714.0000000002, 1658714.0000000002, 1658714.0000000002, 1658714.0000000002, 1658714.0000000002, 1658714.0000000002, 1658714.0000000002, 1658714.0000000002, 1658714.0000000002, 1658714.0000000002, 1658714.0000000002, 1658714.0000000002, 1658714.0000000002, 1658714.0000000002, 1658714.0000000002, 1658714.0000000002, 1658714.0000000002, 1658714.0000000002, 1658714.0000000002, 1658714.0000000002, 1658714.0000000002, 1658714.0000000002, 1658714.0000000002, 1658714.0000000002, 1658714.0000000002, 1658714.0000000002, 1658714.0000000002, 1658714.0000000002, 1658714.0000000002, 1658714.0000000002, 1658714.0000000002, 1658714.0000000002, 1658714.0000000002, 1658714.0000000002, 1658714.0000000002, 1658714.0000000002, 1658714.0000000002, 1658714.0000000002, 1658714.0000000002, 1658714.0000000002, 1658714.0000000002, 1658714.0000000002, 1658714.0000000002, 1658714.0000000002, 1658714.0000000002, 1658714.0000000002, 1658714.0000000002, 1658714.0000000002, 1658714.0000000002, 1658714.0000000002, 1658714.0000000002, 1658714.0000000002, 1658714.0000000002, 1658714.0000000002, 1658714.0000000002, 1658714.0000000002, 1658714.0000000002, 1658714.0000000002, 1658714.0000000002, 1658714.0000000002, 1658714.0000000002, 1658714.0000000002, 1658714.0000000002, 1658714.0000000002]"
warehouse,12.0,50,Base,0.0,21768083.6,,527.0,"[21850631.200000003, 21850631.200000003, 21850631.200000003, 21850631.200000003, 21850631.200000003, 21850631.200000003, 21768083.6, 21768083.6, 21768083.6, 21768083.6, 21768083.6, 21768083.6, 21768083.6, 21768083.6, 21768083.6, 21768083.6, 21768083.6, 21768083.6, 21768083.6, 21768083.6, 21768083.6, 21768083.6, 21768083.6, 21768083.6, 21768083.6, 21768083.6, 21768083.6, 21768083.6, 21768083.6, 21768083.6, 21768083.6, 21768083.6, 21768083.6, 21768083.6, 21768083.6, 21768083.6, 21768083.6, 21768083.6, 21768083.6, 21768083.6, 21768083.6, 21768083.6, 21768083.6, 21768083.6, 21768083.6, 21768083.6, 21768083.6, 21768083.6, 21768083.6, 21768083.6, 21768083.6, 21768083.6, 21768083.6, 21768083.6, 21768083.6, 21768083.6, 21768083.6, 21768083.6, 21768083.6, 21768083.6, 21768083.6, 21768083.6, 21768083.6, 21768083.6, 21768083.6, 21768083.6, 21768083.6, 21768083.6, 21768083.6, 21768083.6, 21768083.6, 21768083.6, 21768083.6, 21768083.6, 21768083.6, 21768083.6, 21768083.6, 21768083.6, 21768083.6, 21768083.6, 21768083.6, 21768083.6, 21768083.6, 21768083.6, 21768083.6, 21768083.6, 21768083.6, 21768083.6, 21768083.6, 21768083.6, 21768083.6, 21768083.6, 21768083.6, 21768083.6, 21768083.6, 21768083.6, 21768083.6, 21768083.6, 21768083.6, 21768083.6]"
warehouse,12.0,50,CHHM,0.0,21768083.6,,527.0,"[21850631.200000003, 21850631.200000003, 21850631.200000003, 21850631.200000003, 21850631.200000003, 21850631.200000003, 21768083.6, 21768083.6, 21768083.6, 21768083.6, 21768083.6, 21768083.6, 21768083.6, 21768083.6, 21768083.6, 21768083.6, 21768083.6, 21768083.6, 21768083.6, 21768083.6, 21768083.6, 21768083.6, 21768083.6, 21768083.6, 21768083.6, 21768083.6, 21768083.6, 21768083.6, 21768083.6, 21768083.6, 21768083.6, 21768083.6, 21768083.6, 21768083.6, 21768083.6, 21768083.6, 21768083.6, 21768083.6, 21768083.6, 21768083.6, 21768083.6, 21768083.6, 21768083.6, 21768083.6, 21768083.6, 21768083.6, 21768083.6, 21768083.6, 21768083.6, 21768083.6, 21768083.6, 21768083.6, 21768083.6, 21768083.6, 21768083.6, 21768083.6, 21768083.6, 21768083.6, 21768083.6, 21768083.6, 21768083.6, 21768083.6, 21768083.6, 21768083.6, 21768083.6, 21768083.6, 21768083.6, 21768083.6, 21768083.6, 21768083.6, 21768083.6, 21768083.6, 21768083.6, 21768083.6, 21768083.6, 21768083.6, 21768083.6, 21768083.6, 21768083.6, 21768083.6, 21768083.6, 21768083.6, 21768083.6, 21768083.6, 21768083.6, 21768083.6, 21768083.6, 21768083.6, 21768083.6, 21768083.6, 21768083.6, 21768083.6, 21768083.6, 21768083.6, 21768083.6, 21768083.6, 21768083.6, 21768083.6, 21768083.6, 21768083.6]"
warehouse,12.0,50,RGCM,0.0,21768083.6,,527.0,"[21850631.200000003, 21850631.200000003, 21850631.200000003, 21850631.200000003, 21850631.200000003, 21850631.200000003, 21768083.6, 21768083.6, 21768083.6, 21768083.6, 21768083.6, 21768083.6, 21768083.6, 21768083.6, 21768083.6, 21768083.6, 21768083.6, 21768083.6, 21768083.6, 21768083.6, 21768083.6, 21768083.6, 21768083.6, 21768083.6, 21768083.6, 21768083.6, 21768083.6, 21768083.6, 21768083.6, 21768083.6, 21768083.6, 21768083.6, 21768083.6, 21768083.6, 21768083.6, 21768083.6, 21768083.6, 21768083.6, 21768083.6, 21768083.6, 21768083.6, 21768083.6, 21768083.6, 21768083.6, 21768083.6, 21768083.6, 21768083.6, 21768083.6, 21768083.6, 21768083.6, 21768083.6, 21768083.6, 21768083.6, 21768083.6, 21768083.6, 21768083.6, 21768083.6, 21768083.6, 21768083.6, 21768083.6, 21768083.6, 21768083.6, 21768083.6, 21768083.6, 21768083.6, 21768083.6, 21768083.6, 21768083.6, 21768083.6, 21768083.6, 21768083.6, 21768083.6, 21768083.6, 21768083.6, 21768083.6, 21768083.6, 21768083.6, 21768083.6, 21768083.6, 21768083.6, 21768083.6, 21768083.6, 21768083.6, 21768083.6, 21768083.6, 21768083.6, 21768083.6, 21768083.6, 21768083.6, 21768083.6, 21768083.6, 21768083.6, 21768083.6, 21768083.6, 21768083.6, 21768083.6, 21768083.6, 21768083.6, 21768083.6, 21768083.6]"
